sprint_id,task_id,developer_id,required_skill,developer_skill_score,experience_years,story_points,task_complexity,priority,current_workload,historical_success_rate,estimated_hours,actual_hours,completed,bugs_found,rework_count,velocity_contribution
22,1,4,testing,0.41,1,3,2,Medium,0.72,0.63,6,8.3,0,1,1,1
9,2,8,devops,0.5,7,3,3,High,0.65,0.68,9,9.1,1,0,0,3
7,3,11,react,0.59,6,13,10,Medium,1.0,0.71,52,54.8,1,2,1,13
24,4,4,python,0.36,1,5,7,High,0.79,0.45,20,29.8,0,1,0,0
8,5,11,react,0.59,6,1,1,Low,0.49,0.82,3,4.2,1,0,0,1
13,6,5,java,0.51,1,2,3,Medium,0.96,0.58,8,5.8,1,1,0,2
16,7,7,devops,0.51,5,5,5,High,0.66,0.66,10,16.3,0,0,0,3
24,8,9,sql,0.28,4,3,5,Critical,0.59,0.62,9,12.5,0,2,0,2
5,9,9,spring,0.5,4,1,1,Low,0.89,0.65,2,2.3,1,0,0,1
21,10,3,testing,0.82,2,13,10,Low,0.76,0.78,39,41.1,1,0,0,13
13,11,10,spring,0.34,2,8,9,Low,0.52,0.66,32,45.9,0,1,0,6
22,12,15,sql,0.55,1,3,4,Low,0.51,0.57,9,13.7,0,1,0,1
6,13,8,java,0.34,7,13,10,Medium,0.72,0.68,52,44.9,1,1,1,13
4,14,14,devops,0.39,6,3,3,Medium,0.81,0.65,9,12.2,0,1,0,2
18,15,13,sql,0.52,2,1,2,Critical,0.91,0.61,2,1.7,1,0,0,1
4,16,15,react,0.14,1,3,3,Low,0.63,0.48,6,7.2,0,2,0,0
3,17,2,devops,0.64,2,5,4,Medium,0.38,0.72,10,11.3,0,1,0,1
18,18,3,react,0.2,2,8,10,Medium,0.69,0.45,32,43.5,0,6,3,4
23,19,5,spring,0.63,1,13,10,Critical,0.44,0.72,52,80.1,0,1,1,5
4,20,4,python,0.36,1,1,2,Low,0.7,0.53,4,5.8,0,1,0,0
19,21,4,java,0.57,1,1,1,Medium,1.0,0.61,2,2.9,0,0,0,0
11,22,2,sql,0.28,2,2,3,Critical,0.68,0.48,4,5.7,1,0,0,2
18,23,3,devops,0.39,2,8,10,Medium,0.31,0.6,24,28.7,1,3,2,8
14,24,4,java,0.57,1,1,3,High,0.75,0.53,3,3.0,1,1,0,1
14,25,8,testing,0.74,7,13,10,Low,0.53,0.78,26,36.0,0,1,0,6
24,26,6,testing,0.63,7,1,1,Medium,0.51,0.92,2,1.8,1,0,0,1
18,27,8,python,0.65,7,5,5,High,0.53,0.78,15,22.7,0,1,0,3
3,28,8,testing,0.74,7,8,7,Low,0.41,0.99,32,39.3,1,0,0,8
18,29,14,java,0.5,6,1,1,Medium,0.52,0.77,3,3.4,1,0,0,1
16,30,8,python,0.65,7,5,4,Medium,0.42,0.85,15,19.4,1,1,0,5
1,31,7,react,0.13,5,5,6,Critical,0.39,0.67,20,21.8,0,4,2,0
22,32,12,spring,0.32,8,2,2,High,0.61,0.73,4,5.5,0,0,0,1
19,33,12,sql,0.65,8,1,2,Low,0.77,0.94,2,2.0,0,0,0,0
17,34,15,testing,0.33,1,8,8,Low,0.56,0.54,32,39.8,0,1,0,6
6,35,2,sql,0.28,2,1,1,Critical,0.8,0.55,2,2.8,0,0,0,0
19,36,10,java,0.42,2,8,7,Critical,0.75,0.53,32,43.1,0,1,1,2
9,37,4,devops,0.18,1,13,10,Medium,0.67,0.48,39,51.2,0,3,2,6
5,38,11,devops,0.47,6,3,5,High,0.58,0.74,6,9.5,0,1,1,2
15,39,10,sql,0.5,2,1,1,Medium,0.65,0.63,4,5.3,0,0,0,0
5,40,15,react,0.14,1,1,1,High,0.33,0.46,3,4.7,0,1,1,0
15,41,14,sql,0.38,6,13,10,Low,0.79,0.66,52,43.6,1,3,1,13
18,42,5,devops,0.44,1,1,1,High,0.59,0.61,2,2.1,1,0,0,1
4,43,12,sql,0.65,8,2,3,High,0.55,0.88,8,7.3,1,1,0,2
7,44,12,react,0.3,8,2,3,Critical,0.86,0.66,6,7.3,0,1,0,1
3,45,11,spring,0.83,6,3,2,Low,0.61,0.91,9,8.7,1,0,0,3
25,46,3,devops,0.39,2,3,3,Critical,0.53,0.58,12,12.7,1,1,0,3
23,47,7,sql,0.53,5,1,1,Low,0.5,0.73,4,4.3,1,0,0,1
5,48,9,java,0.22,4,3,3,Critical,0.66,0.61,6,8.2,0,2,1,2
10,49,6,testing,0.63,7,1,2,Medium,0.51,0.91,4,4.7,1,0,0,1
8,50,11,java,0.65,6,3,5,Medium,0.63,0.84,6,7.2,0,1,0,2
6,51,15,spring,0.29,1,1,1,High,0.54,0.48,3,4.1,0,1,0,0
9,52,3,testing,0.82,2,13,10,Critical,0.31,0.81,26,30.9,0,1,1,5
8,53,4,testing,0.41,1,5,6,High,0.74,0.47,10,16.8,0,2,0,3
1,54,11,python,0.58,6,5,6,High,0.64,0.75,10,10.4,0,2,1,2
12,55,11,sql,0.1,6,5,6,Low,0.89,0.53,10,15.7,0,1,0,2
6,56,10,react,0.8,2,1,1,Critical,0.7,0.74,3,4.1,0,0,0,0
14,57,10,sql,0.5,2,1,3,Medium,0.66,0.59,3,4.4,0,0,0,0
23,58,7,java,0.33,5,8,8,High,0.4,0.7,24,25.8,0,0,0,6
22,59,15,react,0.14,1,8,9,Low,0.88,0.48,32,43.9,0,5,2,3
17,60,5,devops,0.44,1,5,6,Critical,0.83,0.54,20,29.3,0,2,0,2
18,61,3,python,0.27,2,5,7,Medium,0.9,0.54,20,20.7,0,2,1,0
10,62,7,sql,0.53,5,1,2,High,0.69,0.6,2,3.3,0,1,1,0
19,63,10,devops,0.4,2,3,5,Critical,0.4,0.52,9,12.1,0,2,1,0
7,64,9,spring,0.5,4,13,10,Low,0.85,0.57,39,41.6,1,1,0,13
17,65,11,devops,0.47,6,8,9,Low,0.48,0.74,16,24.4,0,1,0,3
8,66,13,python,0.27,2,2,1,Low,0.5,0.52,4,3.9,1,0,0,2
16,67,10,testing,0.5,2,1,3,Critical,0.46,0.74,4,4.0,1,1,0,1
19,68,4,devops,0.18,1,13,10,Critical,0.8,0.4,39,48.9,0,2,1,9
5,69,11,devops,0.47,6,1,1,Critical,0.55,0.66,2,2.5,1,0,0,1
6,70,13,devops,0.43,2,8,10,Low,0.8,0.51,32,60.9,0,0,0,4
4,71,8,python,0.65,7,5,6,Critical,0.85,0.71,20,20.7,1,1,0,5
24,72,15,sql,0.55,1,5,7,Medium,0.46,0.6,20,33.1,0,2,1,1
15,73,5,testing,0.47,1,2,3,Critical,0.81,0.55,8,9.6,0,1,0,1
9,74,8,java,0.34,7,13,10,Medium,0.58,0.68,39,59.2,0,2,1,7
11,75,15,sql,0.55,1,1,1,Medium,0.99,0.48,2,2.2,1,0,0,1
13,76,12,python,0.36,8,13,10,Low,0.58,0.73,39,39.3,1,2,1,13
14,77,6,sql,0.63,7,5,7,Low,0.5,0.83,10,11.9,0,2,1,1
13,78,15,testing,0.33,1,8,7,Critical,0.52,0.51,24,32.8,0,2,0,7
12,79,5,testing,0.47,1,5,7,Medium,0.79,0.52,15,21.8,0,1,0,3
9,80,7,spring,0.49,5,1,3,High,0.57,0.7,4,5.9,0,0,0,0
24,81,3,testing,0.82,2,5,5,Low,0.35,0.75,15,15.1,1,0,0,5
19,82,10,devops,0.4,2,1,1,Critical,0.54,0.63,2,2.9,0,0,0,0
6,83,1,react,0.45,5,5,6,Medium,0.91,0.67,15,19.7,0,3,0,2
11,84,13,spring,0.65,2,3,5,High,0.68,0.67,6,6.1,1,1,1,3
16,85,1,devops,0.56,5,8,7,High,0.62,0.75,16,14.8,1,0,0,8
21,86,2,testing,0.31,2,13,10,Low,0.75,0.57,26,39.2,0,2,1,9
1,87,10,python,0.47,2,2,2,Critical,0.59,0.51,8,9.3,0,0,0,1
19,88,4,spring,0.52,1,13,10,High,0.37,0.63,26,39.0,0,3,1,3
20,89,12,devops,0.57,8,1,1,High,0.25,0.81,2,2.4,1,0,0,1
19,90,1,react,0.45,5,8,10,Critical,0.82,0.66,32,40.6,0,1,1,4
3,91,10,devops,0.4,2,13,10,Low,0.5,0.6,52,65.7,0,4,1,0
10,92,14,devops,0.39,6,8,7,Low,0.88,0.63,24,27.3,1,2,1,8
18,93,7,devops,0.51,5,3,2,High,0.48,0.75,6,8.0,1,0,0,3
14,94,14,spring,0.29,6,1,3,High,0.68,0.69,4,5.9,0,0,0,0
23,95,3,spring,0.4,2,2,3,Critical,0.64,0.7,6,6.1,1,1,1,2
14,96,14,devops,0.39,6,8,9,High,0.97,0.67,16,19.3,0,3,1,6
9,97,15,spring,0.29,1,2,4,Critical,0.73,0.57,6,7.5,0,2,1,1
16,98,14,react,0.55,6,2,4,Medium,1.0,0.73,6,5.8,1,1,0,2
9,99,6,react,0.1,7,8,9,Low,0.57,0.56,32,33.7,0,6,1,4
3,100,4,devops,0.18,1,5,7,Medium,0.88,0.38,20,26.1,0,1,0,1
21,101,12,spring,0.32,8,5,4,Low,0.38,0.63,15,20.1,0,1,0,3
13,102,12,python,0.36,8,3,4,Critical,0.47,0.79,12,15.6,0,0,0,0
12,103,7,devops,0.51,5,8,9,High,0.45,0.87,32,32.3,1,3,0,8
15,104,5,react,0.26,1,3,3,Low,0.63,0.5,12,11.9,1,1,0,3
7,105,6,java,0.17,7,13,10,Medium,0.55,0.63,26,42.1,0,3,1,1
16,106,5,devops,0.44,1,8,9,Low,0.44,0.6,16,11.9,1,3,1,8
10,107,4,react,0.14,1,2,3,Low,0.51,0.51,8,9.8,1,0,0,2
18,108,3,react,0.2,2,1,1,High,0.67,0.48,4,3.1,1,0,0,1
5,109,11,testing,0.36,6,5,4,Low,0.78,0.69,20,28.6,0,1,0,2
16,110,8,spring,0.25,7,3,3,Low,0.53,0.63,9,12.7,0,1,1,1
4,111,14,java,0.5,6,5,7,Low,0.42,0.74,20,23.8,1,1,0,5
21,112,11,java,0.65,6,2,2,High,0.79,0.7,4,2.5,1,0,0,2
8,113,2,sql,0.28,2,5,5,Critical,0.96,0.45,15,21.3,0,1,1,1
10,114,14,sql,0.38,6,5,6,Low,0.59,0.76,20,21.1,1,2,0,5
24,115,2,testing,0.31,2,2,2,High,0.34,0.59,8,10.5,0,1,0,1
6,116,4,python,0.36,1,8,7,Medium,0.36,0.6,16,24.6,0,1,0,1
15,117,12,sql,0.65,8,5,6,Low,0.74,0.85,10,15.3,0,1,0,2
23,118,5,devops,0.44,1,5,4,Medium,0.62,0.6,15,18.6,0,0,0,0
22,119,13,python,0.27,2,5,4,Medium,0.65,0.53,20,24.3,0,1,0,3
9,120,14,python,0.24,6,1,1,Medium,0.89,0.55,3,2.5,1,0,0,1
20,121,12,testing,0.27,8,8,9,Critical,1.0,0.61,16,18.0,1,1,0,8
15,122,12,react,0.3,8,13,10,High,0.65,0.68,52,81.0,0,1,0,4
16,123,8,java,0.34,7,8,7,Critical,0.52,0.72,32,53.4,0,2,0,2
20,124,5,java,0.51,1,1,1,Low,0.74,0.6,4,5.8,0,0,0,0
19,125,1,testing,0.84,5,2,4,Critical,0.37,0.88,6,6.7,1,0,0,2
6,126,10,spring,0.34,2,13,10,Low,0.8,0.56,39,58.5,0,1,0,7
14,127,6,react,0.1,7,13,10,Medium,0.73,0.61,39,54.1,0,4,3,6
23,128,8,react,0.29,7,13,10,Low,0.73,0.66,39,52.4,0,5,3,11
11,129,5,react,0.26,1,1,3,Low,0.77,0.52,4,3.6,1,1,0,1
18,130,8,spring,0.25,7,1,1,High,0.46,0.75,4,5.3,0,0,0,0
21,131,8,testing,0.74,7,1,1,High,0.57,0.92,4,4.3,0,0,0,0
10,132,8,devops,0.5,7,5,4,Low,0.78,0.75,20,25.1,0,1,0,0
8,133,12,python,0.36,8,3,2,Critical,0.9,0.68,6,7.6,1,1,0,3
8,134,14,java,0.5,6,5,4,Medium,0.6,0.7,15,12.3,1,0,0,5
23,135,5,sql,0.35,1,13,10,Critical,0.51,0.54,39,54.3,0,4,1,5
8,136,8,sql,0.44,7,2,4,Medium,0.62,0.7,8,10.7,0,1,0,1
3,137,5,testing,0.47,1,5,6,High,0.77,0.56,10,14.4,0,1,0,2
24,138,5,testing,0.47,1,8,10,Medium,0.56,0.55,24,21.2,1,0,0,8
18,139,8,react,0.29,7,3,5,Critical,0.86,0.72,9,11.2,0,0,0,2
23,140,4,sql,0.62,1,5,5,Critical,0.52,0.61,10,16.3,0,0,0,2
24,141,8,devops,0.5,7,5,7,Medium,0.97,0.68,15,19.2,0,3,2,4
5,142,9,sql,0.28,4,3,2,Critical,0.75,0.62,6,7.9,0,0,0,0
15,143,1,devops,0.56,5,2,4,Medium,0.51,0.75,4,5.3,1,0,0,2
16,144,13,react,0.49,2,3,5,Low,0.2,0.63,9,11.4,0,1,0,0
18,145,7,react,0.13,5,13,10,Low,0.84,0.56,52,66.8,0,5,3,11
8,146,11,devops,0.47,6,3,3,Low,0.72,0.75,9,13.9,0,1,1,2
25,147,11,devops,0.47,6,1,3,Medium,0.86,0.68,4,4.1,1,1,0,1
10,148,15,java,0.6,1,1,2,Low,0.73,0.63,3,4.2,0,0,0,0
12,149,7,python,0.55,5,2,4,Medium,0.66,0.75,4,7.0,0,0,0,1
3,150,10,testing,0.5,2,5,5,Critical,0.75,0.6,20,29.2,0,0,0,3
8,151,8,devops,0.5,7,3,5,High,0.68,0.74,12,12.4,1,1,0,3
1,152,15,testing,0.33,1,5,6,Medium,0.32,0.61,10,12.5,0,2,0,1
12,153,10,react,0.8,2,13,10,High,0.72,0.8,39,52.2,0,1,0,8
7,154,7,testing,0.4,5,5,4,Medium,0.43,0.69,15,17.5,0,0,0,0
12,155,10,react,0.8,2,13,10,Low,0.78,0.65,52,78.4,0,0,0,6
9,156,1,sql,0.31,5,13,10,Critical,0.63,0.66,39,41.9,0,5,1,0
8,157,10,testing,0.5,2,3,3,Medium,0.53,0.62,12,12.8,1,0,0,3
9,158,11,testing,0.36,6,13,10,Low,0.82,0.63,52,73.4,0,4,2,2
2,159,5,testing,0.47,1,5,4,High,0.73,0.59,20,24.8,1,0,0,5
5,160,2,react,0.43,2,3,5,Medium,0.87,0.58,6,7.4,0,0,0,2
18,161,15,react,0.14,1,8,9,Medium,0.97,0.4,24,29.5,0,5,1,0
10,162,12,testing,0.27,8,3,2,Critical,0.6,0.71,6,5.5,1,1,0,3
5,163,13,python,0.27,2,13,10,High,0.21,0.63,26,37.1,0,0,0,0
13,164,1,react,0.45,5,8,7,Critical,0.6,0.67,24,32.4,0,2,1,3
19,165,7,testing,0.4,5,13,10,Low,0.44,0.68,52,70.5,0,2,0,9
16,166,1,sql,0.31,5,8,9,Medium,0.6,0.63,32,26.2,1,3,1,8
3,167,11,testing,0.36,6,5,6,Critical,0.6,0.66,10,11.0,1,0,0,5
5,168,1,java,0.67,5,3,5,Low,0.98,0.74,6,9.1,0,0,0,2
18,169,3,spring,0.4,2,5,6,Critical,0.76,0.62,20,27.7,0,2,1,3
14,170,11,java,0.65,6,5,7,High,0.58,0.81,10,8.8,1,2,0,5
23,171,6,python,0.63,7,5,7,Medium,0.56,0.85,15,18.7,0,1,0,4
22,172,6,sql,0.63,7,13,10,Low,0.48,0.88,39,52.9,0,1,0,8
7,173,2,testing,0.31,2,5,4,Medium,0.67,0.52,20,21.0,0,2,1,0
1,174,1,testing,0.84,5,3,3,Medium,0.31,0.84,12,12.5,1,0,0,3
7,175,2,testing,0.31,2,8,8,Medium,0.84,0.56,16,21.5,0,2,0,2
25,176,3,testing,0.82,2,8,7,High,0.79,0.73,16,20.3,1,1,0,8
5,177,9,react,0.65,4,2,1,Low,0.9,0.72,4,4.2,1,0,0,2
1,178,6,testing,0.63,7,2,3,Low,0.71,0.79,4,4.4,1,0,0,2
9,179,1,python,0.33,5,13,10,Low,0.58,0.7,52,35.7,1,2,1,13
3,180,8,spring,0.25,7,3,2,Critical,0.8,0.58,12,11.0,1,1,0,3
8,181,10,java,0.42,2,13,10,Critical,0.71,0.58,52,58.2,0,4,1,12
2,182,8,testing,0.74,7,5,7,Low,0.77,0.77,15,19.3,0,0,0,1
3,183,15,java,0.6,1,3,3,Low,0.59,0.62,6,10.3,0,1,0,1
20,184,11,sql,0.1,6,8,9,Critical,0.6,0.6,32,31.6,1,3,2,8
17,185,5,spring,0.63,1,8,10,Low,0.64,0.67,32,42.7,0,2,0,6
21,186,11,testing,0.36,6,8,8,Critical,0.68,0.69,24,36.7,0,2,1,4
14,187,6,testing,0.63,7,5,7,Critical,0.2,0.94,20,16.3,1,1,1,5
4,188,6,spring,0.15,7,3,4,High,0.7,0.58,6,7.9,0,2,1,0
16,189,2,java,0.47,2,1,1,Critical,0.69,0.6,2,2.8,0,0,0,0
5,190,9,java,0.22,4,8,9,Low,0.57,0.58,24,37.2,0,1,0,2
22,191,13,spring,0.65,2,13,10,High,0.86,0.72,52,41.3,1,2,1,13
10,192,6,java,0.17,7,8,8,Medium,0.83,0.59,32,52.5,0,5,1,0
8,193,14,java,0.5,6,3,4,Low,0.73,0.78,9,10.2,0,1,1,0
8,194,13,spring,0.65,2,8,7,High,0.88,0.62,16,15.5,1,1,0,8
6,195,5,devops,0.44,1,3,4,High,0.65,0.64,6,7.2,0,1,0,2
5,196,10,devops,0.4,2,5,4,Medium,0.42,0.58,20,25.9,1,1,0,5
21,197,1,java,0.67,5,13,10,Critical,0.83,0.79,39,50.4,0,1,0,5
11,198,3,react,0.2,2,3,4,Low,0.44,0.45,6,9.2,0,2,1,2
6,199,13,sql,0.52,2,1,1,High,1.0,0.6,3,4.5,0,0,0,0
16,200,10,spring,0.34,2,5,6,Medium,0.6,0.58,20,24.3,0,2,0,4
12,201,7,java,0.33,5,3,5,High,0.6,0.59,6,6.9,0,1,0,2
13,202,10,java,0.42,2,1,1,High,0.92,0.58,2,1.6,1,0,0,1
25,203,3,testing,0.82,2,3,4,High,0.61,0.75,6,6.7,0,0,0,2
16,204,12,spring,0.32,8,2,2,Critical,0.9,0.68,8,11.0,0,1,0,1
17,205,9,testing,0.43,4,13,10,Low,0.57,0.66,39,39.3,1,1,0,13
24,206,1,spring,0.58,5,1,3,Low,0.86,0.69,3,3.4,0,1,0,0
19,207,7,devops,0.51,5,13,10,High,0.53,0.71,26,40.9,0,0,0,6
1,208,6,python,0.63,7,8,10,High,1.0,0.7,16,17.8,1,1,0,8
14,209,14,java,0.5,6,2,4,Critical,0.72,0.72,8,10.6,0,1,0,1
13,210,14,react,0.55,6,13,10,Medium,0.91,0.63,39,47.0,0,2,1,0
6,211,2,sql,0.28,2,13,10,Medium,0.95,0.51,39,64.1,0,0,0,7
24,212,14,devops,0.39,6,2,2,Low,0.45,0.68,4,4.0,1,0,0,2
9,213,4,python,0.36,1,8,8,Low,0.51,0.56,16,17.1,0,3,1,0
15,214,13,sql,0.52,2,8,10,High,0.44,0.59,32,52.8,0,2,0,2
5,215,8,java,0.34,7,5,7,High,0.73,0.71,15,15.2,1,3,0,5
19,216,1,react,0.45,5,8,7,High,0.49,0.71,24,29.2,0,2,1,0
2,217,1,react,0.45,5,3,2,Low,0.87,0.59,12,15.5,0,1,0,0
17,218,7,spring,0.49,5,8,7,Critical,0.66,0.76,32,44.3,0,0,0,4
11,219,10,spring,0.34,2,8,8,Low,0.59,0.59,24,28.1,1,1,0,8
4,220,13,testing,0.36,2,3,2,Medium,0.52,0.56,6,6.1,0,0,0,2
23,221,8,spring,0.25,7,8,8,High,0.74,0.67,24,43.2,0,2,1,3
13,222,7,testing,0.4,5,3,2,High,0.58,0.7,6,8.2,0,0,0,1
4,223,9,devops,0.32,4,5,6,High,0.63,0.62,20,28.2,0,1,0,0
5,224,6,java,0.17,7,8,8,High,0.44,0.64,24,32.5,0,3,2,1
5,225,10,devops,0.4,2,1,2,Critical,0.65,0.57,4,6.0,0,1,0,0
5,226,11,devops,0.47,6,13,10,Critical,0.2,0.79,52,46.3,1,0,0,13
12,227,1,react,0.45,5,3,3,Medium,0.62,0.69,9,13.0,0,1,0,1
7,228,4,python,0.36,1,2,1,High,0.2,0.61,4,3.1,1,0,0,2
17,229,13,sql,0.52,2,13,10,High,0.76,0.59,52,66.0,1,4,0,13
5,230,10,spring,0.34,2,2,2,Medium,0.55,0.54,8,7.1,1,1,0,2
25,231,10,testing,0.5,2,2,4,Low,0.6,0.63,6,8.1,0,1,0,0
22,232,12,python,0.36,8,5,6,Critical,0.74,0.84,10,11.0,0,1,0,0
8,233,5,testing,0.47,1,5,5,High,0.61,0.6,20,29.7,0,0,0,0
15,234,8,testing,0.74,7,3,5,Critical,0.58,0.87,6,5.4,1,1,0,3
7,235,13,sql,0.52,2,2,3,Low,0.72,0.61,8,8.8,1,1,0,2
16,236,14,react,0.55,6,8,7,Low,0.44,0.78,24,23.3,1,1,0,8
3,237,13,python,0.27,2,3,5,Medium,0.96,0.55,9,11.8,0,3,2,2
8,238,14,spring,0.29,6,3,2,Critical,0.86,0.56,6,8.8,0,0,0,1
17,239,6,python,0.63,7,5,4,High,0.56,0.94,10,12.4,0,1,0,4
11,240,15,java,0.6,1,13,10,Medium,0.53,0.65,26,37.3,0,2,1,12
10,241,15,testing,0.33,1,5,5,Critical,0.53,0.51,15,15.5,1,0,0,5
20,242,1,java,0.67,5,1,2,Medium,0.51,0.86,2,2.4,1,0,0,1
18,243,12,sql,0.65,8,8,10,Low,0.53,0.93,24,27.1,1,0,0,8
8,244,5,java,0.51,1,1,1,Critical,0.76,0.64,4,5.2,0,0,0,0
3,245,2,testing,0.31,2,5,4,Medium,0.6,0.57,20,27.8,1,2,1,5
5,246,5,spring,0.63,1,1,2,Medium,0.91,0.69,4,5.8,0,0,0,0
6,247,11,devops,0.47,6,1,2,Low,0.84,0.64,4,2.6,1,1,1,1
18,248,9,testing,0.43,4,8,7,Critical,0.56,0.64,24,25.3,1,1,1,8
2,249,11,spring,0.83,6,3,4,Low,0.8,0.83,9,12.6,0,0,0,2
12,250,4,devops,0.18,1,13,10,High,0.81,0.47,26,35.9,0,6,4,12
12,251,9,react,0.65,4,13,10,Critical,0.42,0.79,52,64.1,0,1,0,5
21,252,3,testing,0.82,2,2,1,Critical,0.74,0.76,4,4.2,1,0,0,2
10,253,4,java,0.57,1,2,1,High,1.0,0.6,6,8.5,0,0,0,0
18,254,8,react,0.29,7,1,1,High,0.6,0.69,3,2.9,1,0,0,1
25,255,1,testing,0.84,5,13,10,High,0.5,0.94,26,36.9,0,0,0,0
12,256,7,spring,0.49,5,13,10,Critical,0.7,0.76,39,33.5,1,4,1,13
6,257,8,devops,0.5,7,5,6,High,0.77,0.7,10,9.2,1,2,1,5
24,258,7,java,0.33,5,5,5,High,0.5,0.55,15,20.9,0,1,0,4
3,259,6,devops,0.46,7,3,4,Critical,0.82,0.64,12,18.9,0,0,0,0
14,260,3,devops,0.39,2,5,6,Critical,1.0,0.5,10,12.8,1,2,1,5
24,261,14,react,0.55,6,8,10,High,1.0,0.75,32,35.4,1,3,1,8
2,262,2,devops,0.64,2,13,10,High,0.85,0.61,52,71.0,0,1,0,0
24,263,11,python,0.58,6,1,1,Critical,0.92,0.69,2,1.3,1,0,0,1
5,264,2,python,0.53,2,13,10,High,0.68,0.65,39,61.2,0,0,0,3
2,265,10,python,0.47,2,13,10,High,0.75,0.57,39,60.3,0,2,0,5
25,266,2,sql,0.28,2,2,3,Critical,0.4,0.5,6,6.2,1,1,1,2
21,267,5,python,0.56,1,1,1,Medium,0.33,0.63,3,3.2,0,0,0,0
18,268,2,react,0.43,2,3,5,Medium,0.62,0.66,12,16.1,0,1,1,1
23,269,15,spring,0.29,1,2,1,Medium,0.97,0.42,4,5.7,0,0,0,0
6,270,15,devops,0.23,1,5,4,High,0.71,0.47,20,19.6,1,1,0,5
12,271,12,java,0.56,8,8,9,High,0.61,0.81,16,17.1,1,2,1,8
23,272,12,devops,0.57,8,13,10,High,0.56,0.83,52,29.3,1,1,1,13
8,273,2,python,0.53,2,2,2,Critical,0.81,0.6,4,5.8,0,0,0,0
18,274,10,react,0.8,2,5,5,Low,0.81,0.66,10,14.9,0,0,0,2
13,275,12,devops,0.57,8,5,7,Critical,0.42,0.88,20,26.9,0,1,0,4
5,276,6,devops,0.46,7,1,3,Critical,0.57,0.73,4,4.1,1,1,0,1
17,277,6,python,0.63,7,8,8,Medium,0.86,0.8,24,27.0,1,2,1,8
17,278,15,testing,0.33,1,1,1,Medium,0.64,0.47,3,4.3,0,0,0,0
6,279,6,devops,0.46,7,2,3,High,0.81,0.75,4,5.5,1,1,1,2
9,280,4,devops,0.18,1,8,9,Medium,0.53,0.47,32,39.5,0,1,0,3
20,281,9,java,0.22,4,8,8,Medium,0.51,0.59,16,20.7,1,4,2,8
22,282,10,devops,0.4,2,8,9,Low,0.59,0.61,16,24.1,0,2,1,6
2,283,11,testing,0.36,6,8,9,Medium,0.64,0.69,32,38.9,0,2,1,1
20,284,11,java,0.65,6,5,6,High,0.32,0.85,15,25.3,0,1,0,3
22,285,7,react,0.13,5,5,4,Low,0.84,0.53,10,11.5,1,2,1,5
15,286,7,spring,0.49,5,5,5,High,0.8,0.65,20,25.8,0,0,0,3
11,287,14,devops,0.39,6,3,4,Critical,0.58,0.65,6,8.6,0,1,0,1
17,288,9,java,0.22,4,3,3,Critical,0.68,0.57,6,8.0,0,2,1,1
15,289,4,python,0.36,1,1,1,High,0.73,0.46,3,4.3,0,0,0,0
8,290,14,python,0.24,6,3,4,Medium,0.66,0.61,6,8.7,0,0,0,1
17,291,8,spring,0.25,7,3,5,Low,0.71,0.67,6,7.8,0,2,1,1
17,292,8,python,0.65,7,2,3,Low,0.6,0.73,4,3.9,0,0,0,0
16,293,10,testing,0.5,2,13,10,High,0.54,0.58,52,65.5,0,3,0,12
4,294,7,python,0.55,5,3,4,Critical,0.55,0.72,9,11.6,1,1,0,3
2,295,7,java,0.33,5,8,8,High,0.59,0.69,32,40.7,0,4,2,3
3,296,7,sql,0.53,5,5,6,Low,0.72,0.66,10,9.2,1,0,0,5
4,297,7,react,0.13,5,3,4,Medium,0.69,0.58,6,7.6,0,2,1,0
17,298,7,sql,0.53,5,1,1,Low,0.3,0.77,2,2.2,1,0,0,1
23,299,6,testing,0.63,7,5,7,Medium,0.68,0.84,20,24.0,1,2,1,5
17,300,3,react,0.2,2,8,9,Medium,0.48,0.53,24,37.2,0,3,1,3
19,301,6,sql,0.63,7,8,10,High,0.63,0.79,24,32.0,0,3,1,7
12,302,6,devops,0.46,7,1,3,High,0.57,0.8,4,5.9,0,0,0,0
20,303,8,react,0.29,7,13,10,Low,0.76,0.62,52,80.4,0,2,1,5
6,304,9,devops,0.32,4,13,10,Medium,0.71,0.56,52,68.1,0,0,0,9
2,305,10,devops,0.4,2,1,1,Low,0.59,0.62,3,2.1,1,0,0,1
11,306,7,python,0.55,5,5,5,Critical,0.73,0.76,20,26.6,0,1,0,0
16,307,14,testing,0.64,6,13,10,Medium,0.62,0.8,52,62.9,1,2,1,13
7,308,9,react,0.65,4,13,10,Critical,0.7,0.76,39,54.0,0,1,0,10
15,309,15,sql,0.55,1,3,4,High,0.83,0.54,12,12.2,0,1,1,1
7,310,4,react,0.14,1,8,9,Medium,1.0,0.33,24,39.5,0,1,0,3
23,311,4,devops,0.18,1,13,10,High,0.78,0.42,39,46.7,0,4,3,7
18,312,15,testing,0.33,1,13,10,High,0.92,0.5,26,32.2,0,1,0,3
22,313,9,spring,0.5,4,5,6,Medium,0.69,0.64,15,14.9,1,1,1,5
2,314,5,devops,0.44,1,1,2,Critical,0.61,0.46,4,2.9,1,0,0,1
9,315,12,spring,0.32,8,2,2,High,0.79,0.68,8,9.7,0,1,0,0
5,316,2,sql,0.28,2,13,10,Medium,0.72,0.5,26,36.1,0,1,0,2
17,317,4,devops,0.18,1,2,1,Low,0.51,0.53,6,8.1,0,0,0,0
23,318,8,java,0.34,7,13,10,Low,0.58,0.68,52,53.3,0,5,2,10
14,319,11,spring,0.83,6,5,5,High,0.36,0.83,15,22.7,0,1,1,2
21,320,1,testing,0.84,5,1,1,Low,0.68,0.8,2,2.6,0,0,0,0
6,321,15,java,0.6,1,5,7,Medium,0.49,0.64,20,23.4,0,0,0,2
2,322,1,react,0.45,5,8,7,High,0.74,0.66,24,27.7,0,2,0,0
21,323,9,sql,0.28,4,5,5,Critical,0.9,0.58,15,20.9,0,3,2,3
4,324,6,python,0.63,7,13,10,High,0.66,0.78,52,51.7,1,1,0,13
6,325,1,devops,0.56,5,3,4,Medium,0.61,0.71,6,6.1,1,1,0,3
20,326,14,devops,0.39,6,5,7,High,0.8,0.73,10,12.3,0,2,0,1
22,327,2,python,0.53,2,2,4,High,0.97,0.63,4,4.9,0,1,1,1
9,328,7,python,0.55,5,5,6,High,0.32,0.74,15,23.8,0,2,1,0
24,329,10,java,0.42,2,3,4,Medium,0.35,0.57,6,7.7,0,0,0,0
4,330,8,react,0.29,7,2,4,High,0.48,0.68,8,9.9,1,1,0,2
4,331,11,react,0.59,6,3,3,Medium,0.9,0.65,6,7.2,0,1,0,1
5,332,8,devops,0.5,7,8,9,Critical,0.99,0.69,32,29.3,1,2,1,8
18,333,15,spring,0.29,1,8,8,Medium,0.65,0.48,32,31.4,1,2,0,8
25,334,10,testing,0.5,2,1,3,High,0.33,0.64,2,3.0,0,1,1,0
2,335,14,sql,0.38,6,8,8,Medium,0.59,0.69,16,22.9,0,1,0,2
17,336,8,java,0.34,7,13,10,Critical,0.68,0.63,26,38.1,0,2,0,4
15,337,13,java,0.48,2,5,5,Critical,0.74,0.55,15,13.3,1,1,0,5
19,338,1,sql,0.31,5,5,6,Low,0.66,0.65,15,17.4,0,1,0,2
1,339,12,python,0.36,8,8,7,Low,0.69,0.6,24,31.2,0,3,1,2
23,340,2,sql,0.28,2,1,1,Critical,1.0,0.53,2,1.8,1,0,0,1
10,341,7,python,0.55,5,2,4,High,0.63,0.74,6,8.6,0,1,0,0
13,342,7,java,0.33,5,13,10,High,0.58,0.66,26,38.0,0,5,1,10
18,343,7,sql,0.53,5,2,2,Low,0.58,0.74,4,4.0,1,1,0,2
10,344,8,devops,0.5,7,13,10,Critical,0.39,0.76,26,23.2,1,2,1,13
8,345,8,react,0.29,7,2,3,Medium,0.9,0.69,8,11.1,0,1,1,1
2,346,13,devops,0.43,2,5,4,Medium,0.72,0.65,10,13.1,0,2,1,4
4,347,10,java,0.42,2,5,4,Medium,0.62,0.61,20,16.4,0,2,0,4
13,348,8,python,0.65,7,8,8,Low,1.0,0.76,16,19.4,0,1,0,3
8,349,14,devops,0.39,6,8,9,High,0.72,0.65,16,18.5,1,4,0,8
10,350,15,python,0.56,1,13,10,Critical,0.55,0.66,39,44.1,1,3,0,13
9,351,1,sql,0.31,5,8,8,Critical,0.74,0.65,32,47.5,0,3,2,0
2,352,6,devops,0.46,7,13,10,High,0.51,0.78,52,68.7,0,2,0,6
14,353,3,react,0.2,2,5,5,Critical,0.52,0.47,10,12.9,0,3,0,3
10,354,14,devops,0.39,6,2,4,Low,0.66,0.72,8,8.0,1,2,1,2
14,355,7,sql,0.53,5,8,8,Critical,0.5,0.66,16,13.8,1,1,1,8
9,356,4,react,0.14,1,13,10,Critical,0.62,0.48,39,50.8,0,2,1,11
18,357,12,testing,0.27,8,2,1,High,0.29,0.76,6,6.3,1,0,0,2
22,358,10,sql,0.5,2,1,1,Medium,0.65,0.66,4,6.7,0,0,0,0
16,359,4,testing,0.41,1,3,4,Low,0.87,0.55,6,7.0,0,2,1,2
24,360,2,devops,0.64,2,5,5,Medium,0.44,0.7,15,20.2,0,0,0,3
18,361,6,testing,0.63,7,3,5,Critical,0.33,0.84,12,16.5,0,0,0,0
12,362,5,react,0.26,1,3,5,Critical,0.54,0.5,6,7.7,0,2,0,0
16,363,13,testing,0.36,2,3,3,High,0.68,0.59,9,10.7,0,0,0,1
2,364,10,testing,0.5,2,2,2,Low,0.78,0.57,6,6.3,1,0,0,2
18,365,15,sql,0.55,1,8,10,High,0.68,0.62,16,15.7,1,2,1,8
7,366,6,python,0.63,7,5,5,Critical,0.93,0.71,20,30.5,0,1,1,2
9,367,13,testing,0.36,2,5,7,Critical,0.87,0.53,10,13.9,0,0,0,2
6,368,3,devops,0.39,2,8,10,Medium,0.57,0.59,32,43.2,0,2,1,7
17,369,1,testing,0.84,5,1,1,Low,0.76,0.79,3,2.3,1,0,0,1
5,370,14,devops,0.39,6,2,1,Medium,0.87,0.64,4,5.8,0,0,0,1
17,371,8,react,0.29,7,1,3,Critical,0.45,0.74,2,2.3,0,1,0,0
18,372,9,spring,0.5,4,1,1,High,0.88,0.68,4,3.1,1,0,0,1
10,373,1,sql,0.31,5,13,10,Medium,0.95,0.57,26,37.9,0,0,0,11
17,374,3,python,0.27,2,2,3,High,0.34,0.57,6,7.9,0,1,0,0
3,375,6,spring,0.15,7,5,5,Medium,0.47,0.77,15,17.1,1,2,1,5
22,376,14,testing,0.64,6,1,1,Low,1.0,0.75,3,3.4,1,0,0,1
13,377,7,sql,0.53,5,5,4,Low,0.78,0.73,20,22.1,1,0,0,5
6,378,2,spring,0.28,2,5,6,Low,0.83,0.46,20,22.5,0,0,0,4
8,379,4,testing,0.41,1,13,10,High,0.39,0.59,26,35.3,0,0,0,11
22,380,15,react,0.14,1,8,7,Medium,0.77,0.45,24,25.5,0,0,0,7
7,381,10,python,0.47,2,13,10,Low,0.5,0.62,39,41.1,0,2,0,10
19,382,4,sql,0.62,1,5,6,Critical,0.75,0.62,20,15.5,1,0,0,5
5,383,13,devops,0.43,2,13,10,High,0.54,0.67,26,37.7,0,1,1,11
14,384,4,testing,0.41,1,1,2,Critical,0.42,0.66,3,3.6,0,1,0,0
21,385,5,testing,0.47,1,5,7,Medium,0.42,0.65,15,20.0,0,0,0,0
13,386,7,python,0.55,5,13,10,Low,0.45,0.74,52,55.2,0,2,1,8
8,387,12,java,0.56,8,1,2,Medium,0.68,0.8,3,3.9,0,0,0,0
24,388,7,react,0.13,5,3,2,Low,0.55,0.57,6,4.5,1,0,0,3
10,389,8,react,0.29,7,3,2,Medium,0.6,0.66,6,8.7,0,0,0,2
14,390,8,sql,0.44,7,8,10,Low,0.66,0.75,16,21.8,1,0,0,8
3,391,6,sql,0.63,7,1,2,Critical,0.4,0.87,2,2.7,0,0,0,0
14,392,7,testing,0.4,5,1,1,Medium,0.48,0.73,4,4.7,0,0,0,0
6,393,3,react,0.2,2,3,4,Critical,0.74,0.46,6,6.0,1,1,1,3
3,394,3,spring,0.4,2,3,5,High,0.76,0.49,9,10.4,1,2,0,3
3,395,6,react,0.1,7,2,4,Medium,0.57,0.59,6,8.0,0,2,0,1
5,396,5,java,0.51,1,5,6,Critical,0.51,0.53,15,18.5,0,1,1,1
11,397,7,testing,0.4,5,13,10,High,0.89,0.53,39,59.7,0,1,0,3
23,398,4,spring,0.52,1,3,3,Critical,0.9,0.49,9,9.0,1,0,0,3
10,399,12,devops,0.57,8,13,10,Medium,0.48,0.83,39,57.5,0,2,1,6
9,400,14,testing,0.64,6,5,6,Low,0.75,0.91,20,23.8,0,2,1,3
19,401,9,python,0.55,4,13,10,Critical,0.41,0.72,52,78.8,0,2,1,9
15,402,13,react,0.49,2,13,10,Critical,0.72,0.53,52,60.3,1,1,0,13
16,403,3,devops,0.39,2,3,3,High,0.57,0.45,12,16.6,0,1,0,2
23,404,7,testing,0.4,5,5,4,Critical,0.84,0.67,20,20.6,0,1,0,1
19,405,7,sql,0.53,5,8,10,Low,0.71,0.72,24,21.9,1,2,1,8
23,406,15,testing,0.33,1,8,7,Low,0.52,0.48,16,23.6,0,3,2,2
6,407,11,sql,0.1,6,1,3,High,0.44,0.52,3,2.6,1,2,1,1
4,408,1,java,0.67,5,3,3,Medium,0.57,0.73,9,11.2,0,0,0,1
13,409,8,testing,0.74,7,13,10,High,0.91,0.82,26,31.3,0,0,0,5
4,410,5,spring,0.63,1,1,1,Medium,0.75,0.62,3,3.4,1,0,0,1
10,411,6,spring,0.15,7,2,4,High,0.38,0.64,6,8.4,0,1,0,1
15,412,12,devops,0.57,8,5,6,Low,0.84,0.84,15,15.6,1,2,1,5
2,413,13,devops,0.43,2,1,1,High,0.74,0.61,4,3.6,1,0,0,1
4,414,11,testing,0.36,6,2,2,Medium,0.84,0.69,8,10.8,0,0,0,1
11,415,9,spring,0.5,4,5,5,Critical,0.77,0.69,20,30.1,0,0,0,3
6,416,11,devops,0.47,6,5,7,Low,0.64,0.74,20,23.2,1,2,1,5
20,417,15,python,0.56,1,5,7,Critical,0.75,0.59,10,12.3,0,2,0,3
7,418,5,testing,0.47,1,13,10,Low,0.69,0.63,52,65.7,0,1,1,10
12,419,6,python,0.63,7,5,4,High,0.49,0.89,20,22.2,1,1,0,5
16,420,9,devops,0.32,4,3,5,Critical,0.66,0.57,12,9.8,1,2,0,3
4,421,6,react,0.1,7,5,5,High,0.41,0.61,20,25.5,1,3,1,5
19,422,2,devops,0.64,2,2,3,Low,0.98,0.59,4,3.9,1,1,0,2
10,423,2,python,0.53,2,3,3,Critical,0.55,0.7,9,11.3,1,0,0,3
20,424,3,sql,0.46,2,5,7,Medium,0.6,0.58,15,15.9,1,0,0,5
21,425,9,devops,0.32,4,13,10,Medium,0.64,0.59,39,46.2,0,4,1,8
5,426,3,react,0.2,2,5,4,High,0.45,0.44,10,13.3,0,1,0,1
5,427,4,testing,0.41,1,5,7,Critical,0.39,0.6,20,27.2,0,0,0,1
14,428,12,testing,0.27,8,5,7,Medium,0.63,0.71,10,13.0,1,3,1,5
19,429,1,testing,0.84,5,2,3,Low,0.89,0.84,6,6.9,0,0,0,1
18,430,5,python,0.56,1,5,7,Low,0.77,0.51,20,29.0,0,0,0,4
9,431,13,sql,0.52,2,3,2,Critical,0.71,0.66,12,18.7,0,0,0,2
14,432,2,devops,0.64,2,13,10,High,0.59,0.6,26,40.4,0,1,0,5
9,433,6,testing,0.63,7,1,3,Low,0.59,0.82,2,1.9,1,1,1,1
7,434,13,devops,0.43,2,8,9,Critical,0.36,0.61,16,26.6,0,3,1,5
7,435,14,python,0.24,6,1,2,High,0.9,0.57,4,4.2,1,1,1,1
18,436,3,react,0.2,2,13,10,High,0.52,0.47,52,69.6,0,5,2,8
17,437,15,devops,0.23,1,1,1,Critical,0.52,0.46,2,2.8,0,1,1,0
21,438,3,devops,0.39,2,2,2,Medium,0.4,0.62,8,12.1,0,1,0,0
8,439,13,testing,0.36,2,13,10,Critical,0.81,0.57,26,34.1,0,3,1,3
21,440,5,devops,0.44,1,5,7,Critical,0.8,0.52,10,13.1,0,2,0,4
13,441,9,devops,0.32,4,3,4,Critical,0.91,0.53,9,14.9,0,1,1,1
19,442,1,testing,0.84,5,13,10,Critical,0.56,0.76,52,52.2,1,0,0,13
22,443,12,react,0.3,8,1,3,Medium,0.3,0.74,3,4.8,0,0,0,0
16,444,5,react,0.26,1,3,4,Medium,0.75,0.42,12,17.4,0,0,0,1
11,445,15,devops,0.23,1,1,1,Low,0.82,0.39,4,4.8,0,0,0,0
1,446,2,testing,0.31,2,2,4,Critical,0.84,0.48,4,5.8,0,2,0,0
7,447,12,python,0.36,8,13,10,Medium,0.6,0.75,39,37.1,0,4,0,11
21,448,6,react,0.1,7,1,2,Medium,0.84,0.47,2,2.8,0,1,1,0
21,449,5,devops,0.44,1,13,10,Critical,0.59,0.59,52,75.9,0,3,0,11
23,450,2,java,0.47,2,2,4,Low,0.47,0.65,4,5.1,0,0,0,1
17,451,11,spring,0.83,6,1,1,High,0.6,0.92,2,2.3,1,0,0,1
14,452,12,python,0.36,8,5,4,Medium,0.6,0.77,15,14.4,1,1,0,5
3,453,12,testing,0.27,8,1,1,High,0.59,0.64,3,2.7,1,1,0,1
10,454,3,spring,0.4,2,2,2,Low,0.27,0.7,8,13.5,0,1,0,1
20,455,11,python,0.58,6,5,6,Medium,0.72,0.62,20,27.0,0,1,0,3
14,456,10,devops,0.4,2,5,5,Low,0.7,0.52,10,8.4,1,2,0,5
5,457,13,java,0.48,2,8,10,High,0.58,0.66,24,23.0,1,2,1,8
11,458,13,python,0.27,2,2,3,Low,0.64,0.48,4,6.5,0,0,0,0
25,459,12,java,0.56,8,13,10,Medium,0.83,0.8,52,86.7,0,3,2,3
17,460,4,devops,0.18,1,5,6,Low,0.27,0.5,10,11.1,0,3,2,1
13,461,2,python,0.53,2,5,4,Low,0.61,0.59,15,20.1,0,1,1,2
5,462,7,testing,0.4,5,8,10,High,0.6,0.72,32,39.7,0,2,1,5
25,463,8,testing,0.74,7,1,1,Low,0.69,0.76,2,2.2,1,0,0,1
9,464,4,java,0.57,1,1,3,High,0.62,0.58,4,6.0,0,1,0,0
14,465,12,spring,0.32,8,1,1,High,0.88,0.72,2,2.3,0,0,0,0
3,466,9,python,0.55,4,2,3,Critical,0.7,0.76,8,8.7,1,1,1,2
21,467,13,testing,0.36,2,13,10,High,0.91,0.52,52,83.4,0,3,1,6
24,468,14,python,0.24,6,1,1,Low,0.52,0.67,3,3.2,1,1,1,1
4,469,8,sql,0.44,7,8,7,High,0.73,0.81,32,49.4,0,2,1,5
4,470,1,devops,0.56,5,2,1,Medium,0.63,0.67,6,7.2,0,0,0,0
17,471,9,testing,0.43,4,13,10,Medium,0.53,0.64,39,42.8,0,2,0,10
24,472,13,testing,0.36,2,3,2,Low,0.69,0.53,9,13.0,0,1,0,1
9,473,9,java,0.22,4,3,2,Critical,0.84,0.48,9,13.6,0,1,0,0
12,474,1,spring,0.58,5,8,8,High,0.5,0.73,16,22.9,0,1,0,3
25,475,2,sql,0.28,2,13,10,Medium,0.4,0.59,52,76.1,0,1,0,4
1,476,1,testing,0.84,5,1,1,Low,0.48,0.94,3,3.2,1,0,0,1
12,477,7,python,0.55,5,2,1,Critical,0.37,0.8,4,5.2,0,0,0,0
8,478,7,devops,0.51,5,3,4,Low,0.57,0.75,12,17.8,0,1,1,1
4,479,9,devops,0.32,4,1,1,Medium,0.76,0.53,4,3.8,1,0,0,1
2,480,7,java,0.33,5,5,6,High,0.32,0.72,15,21.9,0,2,0,4
18,481,8,java,0.34,7,3,3,High,0.89,0.68,12,18.6,0,1,1,1
24,482,10,python,0.47,2,5,6,Critical,0.94,0.64,10,12.9,0,2,1,0
25,483,13,python,0.27,2,2,1,Critical,0.93,0.5,4,4.4,0,1,0,1
18,484,6,devops,0.46,7,13,10,High,0.39,0.79,26,38.0,0,3,0,0
22,485,7,testing,0.4,5,13,10,Low,0.81,0.74,26,32.7,0,2,1,4
8,486,7,spring,0.49,5,1,1,High,0.65,0.63,2,3.1,0,0,0,0
8,487,15,testing,0.33,1,8,10,High,0.89,0.54,24,39.7,0,4,1,6
19,488,2,sql,0.28,2,2,4,Low,0.82,0.52,8,10.2,1,2,1,2
19,489,1,spring,0.58,5,13,10,Medium,0.8,0.71,39,56.6,0,1,0,8
11,490,15,testing,0.33,1,5,6,High,0.35,0.59,15,25.0,0,1,0,2
8,491,2,python,0.53,2,2,1,Medium,0.93,0.58,4,3.7,1,0,0,2
6,492,8,spring,0.25,7,3,5,Low,0.71,0.69,12,13.4,1,1,1,3
12,493,13,python,0.27,2,5,6,Critical,0.51,0.55,15,22.5,0,2,1,4
3,494,3,testing,0.82,2,13,10,Low,0.62,0.72,26,25.0,1,0,0,13
11,495,3,java,0.1,2,13,10,High,0.52,0.46,39,41.8,0,1,0,4
2,496,11,react,0.59,6,3,3,Low,0.34,0.79,9,10.2,0,0,0,1
18,497,12,sql,0.65,8,2,1,Critical,0.46,0.84,4,3.1,1,0,0,2
5,498,2,java,0.47,2,1,1,Medium,0.58,0.63,2,2.0,1,0,0,1
13,499,6,devops,0.46,7,13,10,High,0.5,0.75,26,36.5,0,2,0,12
3,500,4,devops,0.18,1,5,5,Low,0.39,0.53,15,20.0,0,1,1,4
2,501,8,java,0.34,7,2,4,Critical,0.5,0.72,6,7.4,0,2,1,1
13,502,11,spring,0.83,6,2,3,Medium,0.85,0.87,4,5.7,0,0,0,0
9,503,8,python,0.65,7,1,1,High,0.3,0.86,3,3.5,1,0,0,1
14,504,15,sql,0.55,1,5,4,Low,0.2,0.6,15,22.8,0,1,0,1
5,505,7,python,0.55,5,13,10,Low,0.58,0.81,39,37.1,1,1,1,13
23,506,6,spring,0.15,7,8,10,High,0.7,0.55,32,56.0,0,2,1,2
13,507,5,python,0.56,1,1,2,Medium,0.62,0.68,2,1.6,1,0,0,1
25,508,5,java,0.51,1,5,6,Medium,0.49,0.57,10,9.0,1,2,1,5
4,509,4,devops,0.18,1,2,3,Low,0.8,0.38,4,5.6,0,2,1,0
12,510,15,testing,0.33,1,2,2,Medium,0.67,0.47,8,10.0,0,1,0,0
24,511,12,react,0.3,8,8,7,High,0.74,0.72,32,30.2,1,1,0,8
19,512,3,sql,0.46,2,2,4,High,0.7,0.61,4,4.9,0,1,0,0
2,513,2,java,0.47,2,2,2,Low,0.73,0.59,8,9.5,0,0,0,0
1,514,6,sql,0.63,7,2,2,High,0.53,0.8,8,7.6,0,0,0,1
11,515,1,java,0.67,5,2,2,Low,0.27,0.69,8,7.3,1,1,1,2
12,516,2,react,0.43,2,13,10,Low,0.86,0.53,39,53.6,0,3,2,8
11,517,3,python,0.27,2,13,10,Critical,0.27,0.6,52,88.7,1,0,0,13
11,518,3,devops,0.39,2,8,9,Medium,0.87,0.52,32,42.9,0,1,0,5
13,519,5,devops,0.44,1,13,10,Medium,0.57,0.54,26,36.6,0,1,0,1
1,520,12,sql,0.65,8,5,4,Medium,0.87,0.8,20,18.1,1,1,0,5
11,521,15,testing,0.33,1,8,8,Low,0.71,0.54,24,40.4,0,2,0,5
11,522,12,java,0.56,8,2,3,High,0.93,0.78,4,3.9,1,1,0,2
21,523,15,java,0.6,1,13,10,Critical,0.64,0.62,26,36.1,0,2,0,8
7,524,4,devops,0.18,1,1,2,High,0.71,0.47,2,3.0,0,1,0,0
2,525,7,spring,0.49,5,13,10,Medium,0.92,0.63,39,51.0,0,1,0,5
13,526,6,sql,0.63,7,5,4,Critical,0.57,0.77,20,28.2,0,0,0,3
6,527,8,java,0.34,7,1,2,Low,0.44,0.73,3,1.4,1,0,0,1
9,528,2,java,0.47,2,3,3,Critical,0.8,0.62,6,7.1,0,1,1,0
3,529,9,java,0.22,4,3,5,Low,0.96,0.57,9,10.4,0,1,0,0
6,530,10,spring,0.34,2,2,1,Low,0.5,0.48,6,8.5,0,0,0,1
7,531,7,devops,0.51,5,8,9,High,0.55,0.63,24,32.1,0,2,0,4
4,532,1,spring,0.58,5,8,10,Medium,0.67,0.68,16,25.2,0,2,1,2
1,533,7,java,0.33,5,3,5,Medium,0.5,0.67,6,9.5,0,2,1,2
7,534,3,devops,0.39,2,3,2,Critical,0.73,0.58,6,4.8,1,0,0,3
10,535,13,spring,0.65,2,5,7,High,1.0,0.7,10,11.1,1,1,0,5
21,536,9,spring,0.5,4,2,3,Critical,0.34,0.75,6,6.0,0,0,0,1
15,537,1,react,0.45,5,5,7,High,0.5,0.68,10,13.4,1,2,0,5
9,538,10,java,0.42,2,2,1,Low,0.31,0.68,8,10.7,0,0,0,0
18,539,7,testing,0.4,5,8,8,Low,0.89,0.6,24,28.5,1,0,0,8
17,540,7,sql,0.53,5,13,10,Medium,0.87,0.68,39,47.4,1,3,1,13
10,541,2,spring,0.28,2,13,10,Medium,0.57,0.44,26,33.3,0,1,1,0
15,542,3,python,0.27,2,2,2,Medium,0.71,0.61,4,2.2,1,0,0,2
14,543,2,devops,0.64,2,5,5,Medium,0.53,0.69,20,28.6,0,0,0,2
11,544,15,devops,0.23,1,1,1,Critical,0.7,0.42,4,5.0,0,0,0,0
18,545,6,testing,0.63,7,3,5,Low,0.69,0.87,12,15.5,0,1,0,0
19,546,9,testing,0.43,4,5,4,Critical,0.57,0.64,10,13.1,1,1,0,5
5,547,10,sql,0.5,2,8,7,Low,0.5,0.57,32,29.7,1,2,0,8
25,548,2,testing,0.31,2,3,4,Critical,0.43,0.55,9,9.7,0,1,1,1
21,549,8,sql,0.44,7,8,10,Low,0.71,0.74,16,23.6,0,2,1,3
13,550,3,sql,0.46,2,8,10,Low,1.0,0.56,24,35.7,0,1,1,2
23,551,4,java,0.57,1,13,10,High,0.75,0.66,39,53.6,0,1,1,12
11,552,14,testing,0.64,6,3,4,High,0.77,0.75,9,5.8,1,1,0,3
23,553,11,java,0.65,6,2,2,High,0.68,0.78,8,11.4,0,0,0,0
25,554,14,react,0.55,6,3,5,Low,0.89,0.69,6,7.8,1,1,0,3
15,555,4,testing,0.41,1,5,7,High,0.84,0.45,10,14.5,0,2,1,0
6,556,2,react,0.43,2,13,10,Medium,0.59,0.58,52,73.8,0,0,0,3
1,557,3,python,0.27,2,2,1,Medium,0.7,0.57,4,5.2,1,0,0,2
15,558,1,react,0.45,5,13,10,High,0.58,0.67,39,51.7,0,0,0,5
17,559,7,devops,0.51,5,1,1,Medium,0.78,0.59,3,3.7,1,0,0,1
16,560,10,spring,0.34,2,2,4,High,0.53,0.62,6,4.1,1,2,1,2
6,561,14,react,0.55,6,13,10,High,0.92,0.76,26,21.2,1,3,1,13
13,562,1,python,0.33,5,8,8,Medium,0.54,0.65,32,45.7,0,1,0,4
22,563,4,react,0.14,1,13,10,Low,0.73,0.42,52,61.8,0,6,0,12
16,564,15,python,0.56,1,13,10,Low,0.77,0.55,26,12.4,1,1,0,13
9,565,10,testing,0.5,2,3,4,Critical,0.58,0.56,9,12.3,0,1,1,1
15,566,5,python,0.56,1,5,6,Critical,0.62,0.6,20,15.8,1,1,0,5
4,567,1,sql,0.31,5,13,10,High,0.33,0.67,39,49.7,0,1,0,2
4,568,8,java,0.34,7,3,4,High,0.74,0.67,9,10.5,0,1,0,1
21,569,12,devops,0.57,8,3,3,Medium,0.51,0.89,12,17.3,0,1,0,2
2,570,13,testing,0.36,2,8,10,High,0.74,0.51,32,36.3,0,0,0,5
24,571,1,devops,0.56,5,5,6,High,0.81,0.75,15,25.2,0,1,0,1
13,572,12,java,0.56,8,8,8,High,0.41,0.94,32,36.1,1,2,0,8
23,573,4,devops,0.18,1,8,10,High,0.31,0.51,32,45.7,0,4,2,3
6,574,14,devops,0.39,6,8,8,High,0.77,0.63,16,18.6,1,1,0,8
16,575,3,devops,0.39,2,3,3,High,0.73,0.64,12,19.5,0,1,0,2
8,576,6,python,0.63,7,13,10,Critical,0.82,0.75,39,31.6,1,2,1,13
12,577,5,sql,0.35,1,3,5,Low,0.79,0.52,9,10.5,0,0,0,2
21,578,10,sql,0.5,2,8,7,Critical,0.6,0.51,16,20.4,0,0,0,6
22,579,7,sql,0.53,5,3,5,Low,0.29,0.71,6,10.2,0,0,0,2
7,580,6,spring,0.15,7,8,10,Medium,0.69,0.62,24,24.8,1,4,1,8
23,581,3,testing,0.82,2,1,3,High,0.82,0.63,4,6.2,0,0,0,0
11,582,11,java,0.65,6,1,3,High,0.47,0.87,2,2.2,1,1,0,1
25,583,13,python,0.27,2,8,8,Critical,0.7,0.53,16,22.0,0,0,0,5
20,584,7,devops,0.51,5,5,7,Critical,0.77,0.63,15,19.6,0,2,0,1
1,585,1,sql,0.31,5,2,3,Low,0.66,0.66,6,8.1,1,0,0,2
25,586,14,sql,0.38,6,2,1,Low,0.51,0.72,8,9.3,1,0,0,2
24,587,4,python,0.36,1,13,10,High,0.78,0.46,26,41.4,0,0,0,11
13,588,9,sql,0.28,4,3,3,Low,0.76,0.71,6,3.7,1,1,0,3
10,589,5,spring,0.63,1,13,10,Critical,0.81,0.59,52,68.2,0,0,0,10
11,590,15,spring,0.29,1,3,3,Medium,0.64,0.51,9,14.2,0,1,0,2
8,591,4,devops,0.18,1,2,2,Low,0.71,0.53,8,9.4,0,0,0,1
4,592,6,devops,0.46,7,13,10,Critical,0.48,0.79,52,80.5,0,3,2,8
25,593,9,sql,0.28,4,1,1,Low,0.84,0.64,4,5.4,0,0,0,0
2,594,12,java,0.56,8,5,7,Critical,0.57,0.74,10,12.8,0,0,0,0
9,595,8,devops,0.5,7,2,2,Low,0.72,0.75,6,7.0,0,0,0,0
22,596,2,devops,0.64,2,8,9,Medium,0.86,0.75,24,28.8,1,0,0,8
4,597,9,devops,0.32,4,8,7,High,0.74,0.53,16,24.0,0,2,1,6
16,598,4,sql,0.62,1,2,3,Medium,0.71,0.69,6,9.6,0,0,0,0
10,599,3,java,0.1,2,8,10,Medium,0.41,0.51,32,53.5,0,7,0,0
11,600,4,java,0.57,1,1,1,Low,0.58,0.61,4,4.7,0,0,0,0
5,601,2,testing,0.31,2,8,7,Low,0.87,0.49,24,39.3,0,4,1,4
15,602,5,react,0.26,1,5,4,Low,0.69,0.43,10,12.4,0,1,0,4
10,603,6,testing,0.63,7,13,10,Critical,0.62,0.84,52,61.0,0,1,0,11
4,604,14,testing,0.64,6,1,1,Medium,0.48,0.8,4,4.1,0,0,0,0
11,605,6,spring,0.15,7,8,9,Low,0.41,0.63,24,33.2,0,6,3,2
6,606,2,spring,0.28,2,5,7,High,1.0,0.44,15,15.7,0,1,0,1
14,607,11,testing,0.36,6,2,1,Medium,0.47,0.73,8,7.0,1,0,0,2
24,608,1,testing,0.84,5,2,1,Critical,0.83,0.82,8,9.6,1,0,0,2
16,609,13,sql,0.52,2,13,10,Medium,0.55,0.68,52,71.5,0,1,0,6
25,610,6,sql,0.63,7,1,1,Critical,0.61,0.76,3,3.3,1,0,0,1
4,611,15,spring,0.29,1,5,4,Low,0.92,0.57,15,19.2,0,2,0,2
1,612,12,testing,0.27,8,13,10,High,0.75,0.64,52,56.1,1,3,2,13
17,613,12,devops,0.57,8,8,7,Critical,0.2,0.88,32,55.0,0,2,0,4
16,614,6,devops,0.46,7,13,10,Medium,0.54,0.81,52,70.6,1,2,0,13
20,615,1,java,0.67,5,13,10,Critical,0.5,0.84,39,40.5,1,1,0,13
6,616,2,testing,0.31,2,5,6,Medium,0.71,0.59,15,20.9,0,3,1,2
2,617,9,python,0.55,4,8,10,Critical,0.9,0.68,16,25.5,0,3,1,6
15,618,8,testing,0.74,7,8,10,Low,0.41,0.92,24,26.8,0,0,0,0
11,619,2,spring,0.28,2,13,10,Low,0.7,0.52,39,63.8,0,4,0,6
2,620,9,sql,0.28,4,1,1,High,0.43,0.61,4,3.7,1,0,0,1
18,621,4,devops,0.18,1,13,10,High,0.42,0.34,39,67.1,0,6,1,12
8,622,14,spring,0.29,6,3,5,High,0.52,0.67,12,15.7,1,2,1,3
15,623,2,java,0.47,2,13,10,Low,0.99,0.56,39,43.3,0,0,0,7
21,624,13,react,0.49,2,8,9,Low,0.56,0.66,16,15.7,1,0,0,8
6,625,8,python,0.65,7,13,10,Low,0.64,0.79,39,43.6,0,2,1,3
7,626,4,java,0.57,1,5,5,Critical,0.59,0.57,10,15.6,0,1,0,2
4,627,13,spring,0.65,2,1,1,Critical,0.9,0.62,3,3.0,1,0,0,1
22,628,10,sql,0.5,2,2,4,Low,0.67,0.63,8,9.5,0,0,0,1
18,629,15,spring,0.29,1,8,10,Medium,0.36,0.57,32,40.1,0,3,1,5
24,630,14,python,0.24,6,1,3,High,0.49,0.59,4,5.4,0,0,0,0
14,631,10,devops,0.4,2,2,3,Critical,0.66,0.59,6,5.9,1,1,0,2
10,632,8,testing,0.74,7,2,2,Critical,0.55,0.95,8,8.6,1,0,0,2
23,633,15,devops,0.23,1,8,9,High,0.74,0.42,32,45.6,0,3,1,4
7,634,4,sql,0.62,1,13,10,High,0.68,0.63,52,43.0,1,0,0,13
5,635,12,devops,0.57,8,2,3,Low,0.94,0.75,6,6.8,0,0,0,0
19,636,10,devops,0.4,2,13,10,High,0.86,0.45,39,51.9,0,3,1,0
1,637,9,java,0.22,4,1,3,Medium,0.43,0.63,2,1.7,1,1,1,1
22,638,1,python,0.33,5,3,3,High,0.36,0.7,12,19.2,0,1,0,1
5,639,14,java,0.5,6,13,10,Medium,0.71,0.67,52,51.7,1,2,1,13
2,640,6,testing,0.63,7,5,4,Medium,0.32,0.87,20,13.4,1,1,0,5
21,641,9,spring,0.5,4,2,3,Low,0.64,0.71,6,6.1,1,1,0,2
13,642,7,testing,0.4,5,13,10,Low,0.8,0.75,26,39.6,0,1,0,1
9,643,4,sql,0.62,1,5,5,High,0.66,0.64,20,30.9,0,1,1,0
24,644,10,python,0.47,2,13,10,High,0.93,0.54,39,43.7,0,1,0,10
22,645,2,python,0.53,2,2,1,Critical,0.7,0.58,4,4.6,0,0,0,0
9,646,9,react,0.65,4,2,2,High,0.52,0.76,4,4.1,1,0,0,2
11,647,8,devops,0.5,7,2,1,Medium,0.42,0.86,6,5.6,1,0,0,2
20,648,1,testing,0.84,5,13,10,Critical,0.63,0.89,52,82.0,0,1,1,4
12,649,2,testing,0.31,2,13,10,Medium,0.86,0.46,26,39.8,0,0,0,4
3,650,13,sql,0.52,2,2,4,Critical,0.6,0.65,4,5.5,1,0,0,2
12,651,4,python,0.36,1,13,10,High,0.65,0.49,39,60.2,0,1,1,8
7,652,13,sql,0.52,2,8,10,Low,0.75,0.61,16,23.6,0,3,2,2
15,653,4,devops,0.18,1,8,8,Low,0.78,0.39,32,41.6,0,4,2,2
13,654,15,testing,0.33,1,1,3,High,0.65,0.44,4,6.8,0,1,0,0
1,655,15,sql,0.55,1,3,5,Critical,0.48,0.55,6,5.3,1,1,1,3
10,656,15,devops,0.23,1,2,3,Low,0.89,0.4,4,5.2,0,2,1,1
25,657,9,sql,0.28,4,1,1,Medium,0.72,0.55,4,5.3,0,0,0,0
22,658,7,testing,0.4,5,1,1,Critical,0.83,0.61,4,6.0,0,0,0,0
24,659,11,python,0.58,6,1,3,High,0.57,0.8,2,2.4,0,1,0,0
3,660,1,python,0.33,5,3,2,Medium,1.0,0.58,9,11.6,0,1,1,1
13,661,8,devops,0.5,7,5,7,High,0.52,0.84,10,11.2,0,2,1,1
22,662,2,sql,0.28,2,1,1,Low,0.8,0.48,4,4.7,1,0,0,1
3,663,6,sql,0.63,7,1,2,High,0.81,0.79,4,4.1,1,0,0,1
3,664,5,testing,0.47,1,5,7,Critical,0.59,0.63,20,20.6,1,1,1,5
1,665,8,python,0.65,7,8,8,Medium,0.87,0.91,32,44.7,0,2,1,1
18,666,5,devops,0.44,1,2,3,High,0.54,0.59,4,6.3,0,0,0,1
4,667,1,java,0.67,5,8,10,Low,0.84,0.71,24,33.8,0,2,0,4
24,668,12,devops,0.57,8,3,3,Critical,0.66,0.83,12,14.2,0,1,0,0
5,669,3,python,0.27,2,2,3,Medium,0.5,0.52,4,5.0,1,0,0,2
6,670,11,testing,0.36,6,8,7,Critical,0.64,0.69,32,44.8,0,2,1,6
10,671,11,java,0.65,6,3,2,Medium,0.27,0.99,12,17.0,1,1,0,3
19,672,8,react,0.29,7,3,3,Medium,0.69,0.64,6,6.3,0,1,0,1
20,673,2,python,0.53,2,3,5,Critical,0.33,0.7,9,13.9,0,1,0,0
22,674,5,devops,0.44,1,8,8,High,0.67,0.64,24,35.8,0,1,0,1
6,675,1,react,0.45,5,2,2,Critical,0.63,0.67,6,4.5,1,0,0,2
12,676,3,devops,0.39,2,13,10,Critical,0.74,0.59,39,54.9,0,2,0,5
12,677,13,react,0.49,2,5,4,Medium,0.68,0.5,20,27.6,0,1,1,0
3,678,14,react,0.55,6,2,2,High,0.63,0.73,8,9.8,0,0,0,1
24,679,2,java,0.47,2,8,7,Critical,0.3,0.67,32,43.1,0,3,2,4
2,680,9,react,0.65,4,8,10,Medium,0.69,0.65,24,28.2,0,0,0,1
8,681,15,testing,0.33,1,8,9,Medium,0.88,0.51,24,30.0,0,4,0,6
13,682,6,sql,0.63,7,1,1,Medium,0.46,0.8,4,2.7,1,0,0,1
5,683,8,python,0.65,7,2,2,Critical,0.73,0.71,6,5.9,1,1,0,2
2,684,4,testing,0.41,1,5,5,Low,0.46,0.52,15,21.5,0,0,0,2
8,685,1,devops,0.56,5,2,3,Critical,0.55,0.75,6,7.4,1,1,0,2
15,686,15,java,0.6,1,1,2,Low,0.61,0.64,4,5.4,0,0,0,0
24,687,5,sql,0.35,1,8,8,Critical,0.59,0.52,32,44.4,0,1,0,1
12,688,10,devops,0.4,2,1,2,Critical,0.82,0.44,2,1.7,1,0,0,1
17,689,7,react,0.13,5,3,5,Critical,0.74,0.57,12,18.0,0,1,0,2
17,690,15,python,0.56,1,5,5,Medium,0.61,0.58,10,12.8,0,0,0,0
21,691,5,python,0.56,1,2,2,Medium,0.63,0.59,6,8.4,0,0,0,1
22,692,4,spring,0.52,1,3,2,Critical,0.87,0.48,12,14.6,1,0,0,3
16,693,8,python,0.65,7,8,8,Critical,0.74,0.86,16,11.9,1,0,0,8
8,694,1,python,0.33,5,8,8,Medium,0.57,0.71,32,28.5,1,1,0,8
17,695,1,sql,0.31,5,2,1,Medium,0.52,0.73,6,6.9,1,0,0,2
6,696,9,spring,0.5,4,8,7,High,0.9,0.63,16,19.7,1,0,0,8
7,697,8,sql,0.44,7,5,7,Medium,0.45,0.75,10,13.2,0,1,0,1
20,698,3,testing,0.82,2,8,8,High,0.55,0.74,16,21.6,0,0,0,2
15,699,10,sql,0.5,2,1,1,Critical,0.61,0.63,3,4.9,0,0,0,0
4,700,1,python,0.33,5,8,10,Medium,0.57,0.63,32,36.9,0,4,1,6
6,701,8,sql,0.44,7,8,7,Low,0.38,0.83,16,16.7,1,1,0,8
16,702,11,python,0.58,6,8,7,Critical,0.78,0.7,32,32.6,0,2,1,1
12,703,14,java,0.5,6,13,10,Medium,0.49,0.65,39,51.5,0,2,1,0
25,704,7,react,0.13,5,8,7,Critical,0.55,0.62,16,20.5,0,4,3,3
16,705,13,python,0.27,2,1,2,Critical,0.83,0.56,3,4.4,0,1,0,0
1,706,12,devops,0.57,8,1,1,Low,0.63,0.8,3,4.9,0,0,0,0
23,707,13,react,0.49,2,5,6,Low,0.59,0.65,10,12.2,0,0,0,1
21,708,10,react,0.8,2,3,5,High,0.63,0.82,12,11.8,1,0,0,3
9,709,11,spring,0.83,6,2,4,Critical,0.75,0.94,4,4.2,1,0,0,2
12,710,9,sql,0.28,4,5,6,High,0.79,0.5,20,22.8,0,3,1,2
25,711,12,spring,0.32,8,13,10,Low,0.68,0.76,52,77.3,0,3,1,9
15,712,13,devops,0.43,2,2,1,Medium,0.55,0.61,8,10.3,0,0,0,0
11,713,13,sql,0.52,2,8,7,Medium,0.51,0.61,24,22.1,0,1,1,7
3,714,14,python,0.24,6,5,7,Low,0.67,0.62,10,13.0,0,1,0,2
8,715,6,java,0.17,7,8,7,Critical,0.42,0.77,24,26.5,1,1,0,8
20,716,11,sql,0.1,6,3,2,Medium,0.76,0.46,12,14.6,0,1,1,1
15,717,1,python,0.33,5,13,10,Medium,0.99,0.59,26,38.7,0,0,0,0
20,718,9,sql,0.28,4,13,10,Medium,0.58,0.56,52,89.1,0,1,0,12
12,719,4,devops,0.18,1,1,1,Low,0.88,0.44,3,4.1,0,1,1,0
12,720,11,spring,0.83,6,5,5,Low,0.42,0.92,20,31.9,0,0,0,4
3,721,9,react,0.65,4,13,10,High,0.95,0.7,39,24.4,1,2,0,13
8,722,10,python,0.47,2,5,7,Low,0.63,0.56,15,15.7,0,2,0,3
14,723,9,java,0.22,4,8,7,High,0.57,0.47,24,32.5,0,0,0,6
17,724,5,sql,0.35,1,8,9,Critical,0.76,0.49,24,31.1,1,2,0,8
19,725,8,testing,0.74,7,2,3,Critical,0.71,0.85,8,8.7,1,0,0,2
15,726,15,sql,0.55,1,1,3,Low,0.51,0.62,3,2.7,1,0,0,1
3,727,7,devops,0.51,5,2,2,High,0.76,0.64,6,6.2,1,0,0,2
12,728,9,sql,0.28,4,1,2,Medium,0.86,0.54,3,2.7,1,1,0,1
3,729,7,devops,0.51,5,13,10,Low,0.63,0.62,52,59.3,1,0,0,13
6,730,8,react,0.29,7,3,3,High,0.69,0.66,6,9.8,0,0,0,0
22,731,15,python,0.56,1,5,5,Medium,0.79,0.53,20,16.8,0,0,0,3
9,732,4,python,0.36,1,2,2,High,0.81,0.5,4,4.2,0,0,0,1
4,733,15,java,0.6,1,13,10,Low,0.7,0.65,52,78.3,1,0,0,13
2,734,14,spring,0.29,6,3,4,Critical,0.9,0.53,12,13.0,1,1,0,3
9,735,8,python,0.65,7,8,9,Critical,0.69,0.89,16,17.3,1,2,1,8
25,736,10,python,0.47,2,1,3,Critical,0.7,0.63,4,3.3,1,1,1,1
2,737,9,react,0.65,4,5,5,Critical,0.54,0.69,10,11.9,1,1,0,5
23,738,9,spring,0.5,4,3,2,Low,0.75,0.59,12,11.2,1,0,0,3
7,739,7,sql,0.53,5,1,2,High,0.29,0.75,4,3.8,1,1,0,1
9,740,3,sql,0.46,2,3,3,High,0.58,0.61,9,11.1,1,1,0,3
20,741,6,react,0.1,7,2,4,Critical,0.61,0.65,4,5.5,0,2,0,0
23,742,13,react,0.49,2,3,5,High,0.68,0.62,9,12.0,0,1,0,2
19,743,3,sql,0.46,2,13,10,Low,0.69,0.62,52,64.7,0,0,0,8
8,744,9,spring,0.5,4,5,5,Medium,0.47,0.65,20,31.9,0,2,1,3
16,745,13,java,0.48,2,2,4,Critical,0.81,0.57,4,6.4,0,0,0,0
16,746,5,react,0.26,1,8,7,Critical,0.53,0.45,16,26.1,0,2,1,5
2,747,4,testing,0.41,1,3,5,Low,0.37,0.58,9,5.9,1,1,0,3
24,748,6,react,0.1,7,3,4,High,0.67,0.57,9,12.6,0,2,1,2
14,749,2,react,0.43,2,13,10,Medium,0.45,0.58,39,64.3,0,0,0,7
11,750,11,sql,0.1,6,5,7,Low,0.6,0.58,15,20.1,0,3,2,0
10,751,8,devops,0.5,7,2,2,High,0.71,0.78,6,9.9,0,1,0,0
3,752,2,python,0.53,2,3,3,High,0.23,0.66,9,11.3,0,1,0,0
10,753,12,react,0.3,8,8,10,High,0.69,0.71,24,29.2,0,5,1,2
24,754,10,sql,0.5,2,5,7,Medium,0.69,0.67,10,10.0,1,1,0,5
1,755,3,devops,0.39,2,2,3,Low,0.74,0.53,4,4.6,1,0,0,2
6,756,7,java,0.33,5,1,1,Critical,0.62,0.71,4,3.7,1,1,0,1
2,757,1,testing,0.84,5,5,4,Low,0.48,0.86,15,15.8,1,0,0,5
20,758,3,java,0.1,2,13,10,High,0.48,0.53,26,32.9,0,3,1,9
24,759,5,spring,0.63,1,13,10,Medium,0.71,0.6,52,69.6,0,0,0,10
1,760,1,devops,0.56,5,3,4,Critical,0.62,0.78,9,8.3,0,1,1,0
9,761,9,spring,0.5,4,2,2,Critical,0.56,0.74,8,8.5,0,1,0,0
17,762,11,devops,0.47,6,8,9,High,0.34,0.75,24,33.5,0,1,0,4
3,763,8,react,0.29,7,3,5,High,0.45,0.71,6,5.3,1,0,0,3
10,764,1,java,0.67,5,8,8,High,0.34,0.82,24,22.9,1,2,1,8
16,765,9,java,0.22,4,13,10,Critical,0.55,0.62,39,39.6,0,0,0,12
25,766,7,testing,0.4,5,3,3,Low,0.59,0.67,12,16.0,1,1,1,3
12,767,4,spring,0.52,1,8,10,Critical,0.56,0.62,16,16.4,0,2,0,5
23,768,12,devops,0.57,8,5,7,Medium,1.0,0.77,15,20.0,1,1,1,5
3,769,7,devops,0.51,5,2,3,High,0.73,0.62,8,12.8,0,0,0,0
14,770,4,testing,0.41,1,1,1,Medium,0.5,0.47,3,4.8,0,0,0,0
21,771,8,sql,0.44,7,5,6,Critical,0.64,0.71,10,11.3,1,1,0,5
11,772,1,python,0.33,5,1,1,Medium,0.2,0.73,2,3.1,0,0,0,0
9,773,3,devops,0.39,2,5,4,Medium,0.69,0.57,10,15.4,0,1,0,3
1,774,8,python,0.65,7,3,5,High,0.24,0.84,9,13.4,0,1,0,1
15,775,12,testing,0.27,8,1,2,Low,0.6,0.72,2,2.0,0,0,0,0
9,776,13,spring,0.65,2,1,3,Medium,0.37,0.65,2,1.3,1,0,0,1
9,777,14,spring,0.29,6,1,1,Medium,0.63,0.65,3,4.2,0,0,0,0
8,778,12,java,0.56,8,2,4,Low,0.79,0.74,8,9.7,0,1,0,1
16,779,7,devops,0.51,5,3,4,Medium,0.69,0.78,12,13.3,1,1,0,3
24,780,1,devops,0.56,5,8,7,High,0.62,0.79,24,29.2,1,1,0,8
21,781,5,python,0.56,1,3,2,Medium,0.38,0.6,6,5.1,1,0,0,3
8,782,11,spring,0.83,6,3,2,Medium,0.54,0.82,9,8.0,1,0,0,3
19,783,2,spring,0.28,2,2,1,Low,0.78,0.51,8,8.3,0,0,0,0
23,784,10,python,0.47,2,3,2,Medium,0.9,0.51,6,6.2,1,0,0,3
16,785,2,devops,0.64,2,8,9,Low,0.59,0.74,16,18.5,0,1,1,2
21,786,3,devops,0.39,2,8,7,Medium,0.57,0.49,24,35.3,0,2,1,4
11,787,9,testing,0.43,4,13,10,Critical,0.44,0.7,52,64.2,0,1,0,9
1,788,12,spring,0.32,8,3,3,High,0.8,0.61,6,10.2,0,1,0,1
23,789,8,sql,0.44,7,3,5,Medium,0.83,0.71,12,8.6,1,0,0,3
6,790,9,react,0.65,4,3,5,High,0.44,0.72,12,12.9,1,0,0,3
18,791,3,java,0.1,2,8,8,Critical,0.78,0.46,24,35.3,0,4,2,3
18,792,6,spring,0.15,7,1,3,Medium,0.98,0.62,2,2.5,0,1,0,0
25,793,10,python,0.47,2,3,2,Critical,0.66,0.51,6,7.5,0,0,0,0
22,794,8,testing,0.74,7,8,8,High,0.56,0.89,24,13.8,1,0,0,8
14,795,11,react,0.59,6,1,1,Low,1.0,0.72,2,2.8,0,0,0,0
6,796,14,java,0.5,6,2,1,Critical,0.58,0.71,4,4.1,1,0,0,2
4,797,1,sql,0.31,5,13,10,Critical,0.76,0.63,52,65.2,0,4,1,3
23,798,10,react,0.8,2,1,2,Medium,0.71,0.72,4,4.8,1,0,0,1
23,799,2,java,0.47,2,2,4,Low,0.82,0.6,6,9.3,0,0,0,1
12,800,9,devops,0.32,4,5,6,Low,0.55,0.61,20,28.9,0,1,0,2
17,801,1,devops,0.56,5,1,2,Low,0.81,0.65,2,1.8,0,0,0,0
4,802,12,python,0.36,8,8,10,Medium,0.52,0.76,16,20.6,0,2,1,4
19,803,11,python,0.58,6,8,10,Low,0.25,0.89,32,37.4,1,1,0,8
19,804,6,devops,0.46,7,5,7,Low,0.59,0.76,10,10.3,0,0,0,3
18,805,7,sql,0.53,5,3,3,Critical,0.25,0.75,9,10.1,1,1,1,3
11,806,9,react,0.65,4,3,5,Critical,0.71,0.64,12,13.2,1,0,0,3
11,807,10,python,0.47,2,8,8,Critical,0.77,0.49,32,38.8,0,0,0,3
12,808,8,spring,0.25,7,5,4,Low,0.42,0.71,15,18.1,1,0,0,5
20,809,1,sql,0.31,5,2,3,Low,0.7,0.68,6,6.3,1,1,0,2
8,810,4,testing,0.41,1,3,2,High,0.78,0.6,12,18.0,0,0,0,0
18,811,10,sql,0.5,2,2,1,Low,0.86,0.62,6,8.6,0,0,0,0
5,812,3,react,0.2,2,3,3,Medium,0.99,0.5,9,13.5,0,0,0,1
3,813,10,spring,0.34,2,8,8,Low,0.74,0.51,32,47.6,0,1,1,2
16,814,3,spring,0.4,2,13,10,High,0.66,0.55,26,22.0,1,1,0,13
24,815,13,sql,0.52,2,5,4,Low,0.75,0.63,15,18.7,0,1,0,2
14,816,7,testing,0.4,5,1,1,Low,0.43,0.73,4,4.6,1,0,0,1
25,817,11,spring,0.83,6,1,2,Low,0.95,0.71,3,3.4,0,0,0,0
11,818,9,devops,0.32,4,2,2,Low,0.81,0.48,8,7.7,1,1,0,2
24,819,7,spring,0.49,5,8,7,Medium,0.72,0.72,24,25.1,1,3,1,8
10,820,13,spring,0.65,2,2,2,High,0.68,0.69,4,3.6,1,0,0,2
16,821,10,devops,0.4,2,1,3,High,0.48,0.59,2,2.4,0,0,0,0
17,822,7,testing,0.4,5,13,10,Medium,0.44,0.72,39,35.6,1,3,1,13
18,823,4,spring,0.52,1,5,5,Medium,0.84,0.62,10,15.6,0,1,0,4
9,824,13,spring,0.65,2,3,2,Low,0.83,0.64,12,17.3,0,0,0,1
14,825,6,react,0.1,7,2,3,High,0.49,0.66,8,7.1,1,2,1,2
21,826,1,testing,0.84,5,3,3,High,0.92,0.73,12,8.1,1,0,0,3
15,827,10,python,0.47,2,5,4,Medium,0.54,0.64,10,11.1,1,0,0,5
22,828,6,python,0.63,7,13,10,Low,0.69,0.84,52,78.4,0,0,0,12
8,829,10,python,0.47,2,3,2,High,0.48,0.58,12,17.0,0,0,0,2
10,830,8,spring,0.25,7,1,2,Medium,0.94,0.54,4,4.6,1,1,0,1
18,831,4,python,0.36,1,8,9,Critical,0.55,0.58,32,36.1,0,4,1,5
23,832,12,devops,0.57,8,1,3,Low,0.58,0.85,3,3.7,0,0,0,0
2,833,5,python,0.56,1,13,10,Low,0.6,0.58,39,51.1,0,3,1,2
1,834,2,spring,0.28,2,13,10,High,0.44,0.54,26,32.4,0,0,0,12
10,835,14,devops,0.39,6,5,5,Critical,0.8,0.68,20,23.5,0,1,1,4
11,836,8,testing,0.74,7,8,7,Medium,0.97,0.79,16,20.3,0,1,0,0
18,837,15,devops,0.23,1,1,1,Medium,0.46,0.53,4,3.8,0,0,0,0
11,838,8,spring,0.25,7,13,10,Low,0.9,0.61,39,51.1,0,4,2,2
12,839,6,devops,0.46,7,3,3,High,0.82,0.67,6,5.7,1,0,0,3
21,840,5,spring,0.63,1,1,2,Medium,0.52,0.62,2,2.7,0,0,0,0
13,841,11,python,0.58,6,1,3,Medium,0.29,0.89,3,2.7,1,0,0,1
8,842,10,python,0.47,2,5,6,High,0.44,0.75,15,20.2,0,2,1,0
5,843,4,devops,0.18,1,2,2,Medium,0.63,0.41,6,8.9,0,1,0,1
14,844,15,testing,0.33,1,2,2,High,0.77,0.43,4,4.3,0,1,0,1
6,845,6,testing,0.63,7,2,1,High,0.55,0.8,6,2.9,1,0,0,2
14,846,5,spring,0.63,1,13,10,Medium,0.65,0.64,26,38.9,0,2,1,11
5,847,3,java,0.1,2,8,9,Medium,0.67,0.48,32,52.5,0,1,0,4
8,848,11,java,0.65,6,3,2,Critical,0.7,0.78,6,6.0,1,0,0,3
17,849,14,sql,0.38,6,5,6,Medium,0.76,0.65,15,12.5,1,2,1,5
16,850,8,python,0.65,7,2,2,Medium,0.53,0.87,4,4.5,1,0,0,2
14,851,13,java,0.48,2,3,5,Medium,0.62,0.57,12,16.3,0,1,0,0
7,852,13,python,0.27,2,1,1,Critical,0.48,0.56,4,5.7,0,0,0,0
23,853,6,testing,0.63,7,5,5,Critical,0.46,0.88,15,23.2,0,1,0,4
20,854,12,testing,0.27,8,5,6,Critical,0.44,0.69,20,32.3,0,2,0,0
20,855,9,sql,0.28,4,13,10,Low,0.52,0.56,39,46.0,0,1,0,5
2,856,15,python,0.56,1,8,10,Low,0.42,0.58,32,37.5,1,1,0,8
13,857,9,testing,0.43,4,13,10,Medium,0.74,0.66,39,47.9,1,3,1,13
15,858,7,react,0.13,5,3,5,Medium,0.88,0.49,9,13.1,0,1,1,1
20,859,15,java,0.6,1,13,10,Critical,0.63,0.67,52,69.8,0,0,0,5
3,860,12,sql,0.65,8,1,1,Medium,0.74,0.87,3,3.2,1,0,0,1
14,861,6,spring,0.15,7,1,1,Critical,0.71,0.73,4,6.3,0,0,0,0
15,862,2,react,0.43,2,3,3,Low,0.66,0.57,6,9.2,0,0,0,2
23,863,8,devops,0.5,7,3,2,Critical,0.74,0.74,12,5.2,1,1,0,3
17,864,10,python,0.47,2,5,7,Low,0.63,0.68,10,8.1,1,3,1,5
11,865,10,testing,0.5,2,13,10,Medium,0.74,0.56,26,35.3,0,1,1,10
25,866,12,java,0.56,8,5,6,High,0.2,0.89,20,27.5,0,1,0,1
10,867,11,python,0.58,6,1,1,Medium,0.45,0.85,2,2.6,0,0,0,0
1,868,8,spring,0.25,7,5,4,Critical,0.76,0.63,10,9.0,1,1,0,5
7,869,10,devops,0.4,2,5,7,Critical,0.7,0.53,15,22.2,0,1,0,4
20,870,10,java,0.42,2,2,3,Medium,0.7,0.62,4,3.1,1,1,1,2
6,871,3,java,0.1,2,13,10,Low,0.6,0.46,26,30.5,0,7,3,12
22,872,10,testing,0.5,2,8,9,High,0.66,0.64,16,21.5,0,2,1,7
4,873,7,python,0.55,5,2,3,Medium,0.87,0.7,6,6.3,1,0,0,2
24,874,10,react,0.8,2,1,1,High,0.38,0.79,3,2.9,0,0,0,0
13,875,14,java,0.5,6,5,4,High,0.62,0.73,15,15.7,1,1,0,5
5,876,2,devops,0.64,2,3,4,Critical,0.64,0.66,12,11.8,0,1,1,2
23,877,4,sql,0.62,1,1,1,Low,0.78,0.54,3,2.6,1,0,0,1
24,878,12,sql,0.65,8,13,10,Critical,0.77,0.79,52,65.4,1,1,0,13
11,879,5,sql,0.35,1,8,9,Medium,0.57,0.57,32,27.4,1,4,1,8
19,880,8,sql,0.44,7,13,10,Critical,0.59,0.79,26,38.0,0,1,0,3
8,881,12,react,0.3,8,2,1,Low,0.6,0.68,4,4.0,1,1,1,2
15,882,11,testing,0.36,6,1,1,Critical,0.77,0.65,3,4.5,0,0,0,0
11,883,6,sql,0.63,7,13,10,Low,0.46,0.89,52,40.9,1,0,0,13
7,884,12,react,0.3,8,3,2,High,0.66,0.79,9,8.2,1,0,0,3
17,885,9,react,0.65,4,1,1,High,0.51,0.71,3,3.0,1,0,0,1
13,886,12,sql,0.65,8,8,7,Medium,0.68,0.88,16,15.3,0,0,0,2
11,887,15,devops,0.23,1,5,7,Low,0.55,0.46,20,28.7,0,2,1,3
16,888,3,devops,0.39,2,5,6,Critical,0.67,0.6,15,22.6,0,0,0,4
17,889,5,sql,0.35,1,13,10,Low,0.82,0.47,26,31.2,0,2,0,3
22,890,6,testing,0.63,7,3,2,Medium,0.2,0.87,9,12.4,0,0,0,2
11,891,7,devops,0.51,5,8,8,Critical,0.56,0.87,16,25.5,0,1,0,6
25,892,5,devops,0.44,1,3,2,High,0.81,0.45,9,7.9,1,0,0,3
3,893,8,python,0.65,7,3,5,High,0.82,0.85,6,9.6,0,1,0,0
10,894,3,java,0.1,2,3,2,Medium,0.57,0.43,6,7.3,0,1,0,1
17,895,1,testing,0.84,5,5,5,Medium,0.94,0.75,15,11.7,1,0,0,5
16,896,12,testing,0.27,8,8,9,High,0.6,0.66,16,23.5,0,1,0,6
17,897,11,python,0.58,6,2,1,Critical,0.76,0.7,6,7.7,0,0,0,1
1,898,5,java,0.51,1,13,10,High,0.5,0.6,39,49.0,0,2,1,12
4,899,9,testing,0.43,4,13,10,Low,0.89,0.54,52,72.2,0,4,2,0
10,900,11,python,0.58,6,3,3,Medium,0.81,0.76,9,14.8,0,1,0,1
18,901,6,testing,0.63,7,5,4,High,0.7,0.83,10,12.6,0,0,0,3
9,902,2,java,0.47,2,8,7,Medium,0.56,0.56,32,38.3,1,2,1,8
12,903,9,react,0.65,4,3,3,High,0.26,0.77,12,13.2,1,1,0,3
8,904,3,java,0.1,2,3,4,Critical,0.72,0.44,6,7.1,1,1,1,3
5,905,1,spring,0.58,5,13,10,Low,0.4,0.78,39,47.5,0,2,0,12
3,906,7,spring,0.49,5,2,4,High,0.83,0.65,6,6.3,1,1,0,2
11,907,14,python,0.24,6,13,10,Critical,0.88,0.61,52,57.2,0,3,2,10
3,908,14,testing,0.64,6,13,10,Low,0.45,0.81,39,38.1,1,3,2,13
10,909,11,devops,0.47,6,13,10,Critical,0.71,0.68,26,34.0,0,1,1,9
5,910,14,sql,0.38,6,3,4,Critical,0.52,0.56,6,7.0,0,1,0,0
22,911,6,testing,0.63,7,3,5,Critical,0.27,0.94,6,6.1,1,1,0,3
3,912,8,java,0.34,7,3,5,Critical,0.48,0.68,6,8.7,0,2,0,1
25,913,6,sql,0.63,7,8,8,Low,0.94,0.78,24,42.7,0,1,0,6
11,914,9,devops,0.32,4,1,2,Critical,0.49,0.5,3,3.4,1,0,0,1
19,915,7,python,0.55,5,8,8,Medium,1.0,0.65,24,30.4,0,1,0,1
3,916,6,python,0.63,7,13,10,Critical,0.89,0.84,52,63.3,0,1,1,0
11,917,9,devops,0.32,4,2,2,Low,0.62,0.68,8,9.1,1,1,0,2
23,918,10,testing,0.5,2,5,4,Critical,0.79,0.6,15,14.6,0,2,1,0
4,919,14,spring,0.29,6,2,3,Critical,1.0,0.59,4,3.5,1,1,0,2
20,920,2,devops,0.64,2,8,10,High,0.32,0.77,24,29.6,1,2,0,8
21,921,11,java,0.65,6,1,1,Medium,0.65,0.83,4,5.8,0,0,0,0
25,922,3,devops,0.39,2,2,4,High,0.57,0.58,6,8.4,1,1,1,2
20,923,10,spring,0.34,2,2,2,High,0.53,0.59,6,4.2,1,0,0,2
19,924,13,devops,0.43,2,3,5,High,0.65,0.49,6,9.3,0,2,1,0
1,925,10,sql,0.5,2,5,5,High,0.62,0.63,10,9.5,1,2,0,5
12,926,15,sql,0.55,1,1,1,High,0.67,0.5,2,2.7,0,0,0,0
1,927,4,spring,0.52,1,13,10,High,0.57,0.59,52,57.6,0,4,2,6
13,928,7,spring,0.49,5,8,8,Medium,0.71,0.69,24,27.3,0,3,2,5
7,929,9,spring,0.5,4,3,5,Medium,0.61,0.71,9,9.6,0,2,1,0
5,930,3,java,0.1,2,1,1,Medium,0.93,0.41,4,4.7,0,0,0,0
22,931,7,python,0.55,5,1,1,Critical,0.67,0.77,3,5.3,0,0,0,0
20,932,3,spring,0.4,2,8,10,Critical,0.87,0.55,24,24.5,0,4,1,2
8,933,3,spring,0.4,2,8,7,Critical,0.52,0.52,32,41.8,1,1,0,8
8,934,12,sql,0.65,8,3,5,High,0.71,0.85,6,5.2,1,1,1,3
2,935,10,spring,0.34,2,13,10,Low,0.66,0.6,52,74.9,0,5,2,5
23,936,2,python,0.53,2,13,10,Critical,0.66,0.66,52,42.0,1,2,1,13
3,937,9,sql,0.28,4,1,1,Critical,0.66,0.58,4,4.4,0,0,0,0
22,938,11,sql,0.1,6,8,9,Low,0.78,0.63,24,26.4,0,6,1,7
16,939,8,sql,0.44,7,5,6,Critical,0.57,0.74,15,14.8,1,2,0,5
10,940,5,python,0.56,1,1,2,High,0.64,0.57,2,2.1,1,1,0,1
21,941,8,sql,0.44,7,2,1,High,0.67,0.76,8,8.7,1,0,0,2
20,942,1,react,0.45,5,5,4,Medium,0.57,0.67,20,17.9,1,0,0,5
3,943,14,testing,0.64,6,3,4,Medium,0.75,0.83,12,15.3,0,1,1,1
9,944,14,react,0.55,6,1,1,Medium,0.79,0.67,4,7.0,0,0,0,0
22,945,8,react,0.29,7,2,3,Medium,0.5,0.66,6,8.1,0,1,0,1
17,946,14,java,0.5,6,3,2,Medium,0.3,0.75,12,11.8,1,1,0,3
5,947,14,spring,0.29,6,5,7,Medium,0.65,0.62,20,26.5,0,4,1,1
24,948,11,python,0.58,6,2,3,Low,0.47,0.76,8,10.2,0,1,0,0
25,949,14,java,0.5,6,1,1,Critical,0.47,0.69,3,2.0,1,0,0,1
16,950,5,spring,0.63,1,13,10,Critical,0.73,0.63,52,79.9,0,3,2,1
13,951,8,react,0.29,7,2,4,Low,0.3,0.71,6,8.3,0,1,0,0
13,952,11,react,0.59,6,8,7,Low,0.61,0.85,32,37.9,1,2,0,8
21,953,6,testing,0.63,7,5,6,High,0.59,0.81,15,18.9,0,1,0,2
4,954,5,devops,0.44,1,8,10,Critical,0.34,0.67,32,37.3,0,1,0,4
24,955,11,sql,0.1,6,2,3,Medium,0.66,0.56,6,8.5,0,2,0,1
22,956,1,testing,0.84,5,1,1,Critical,0.5,0.89,2,2.6,1,0,0,1
17,957,2,devops,0.64,2,5,6,Medium,0.65,0.82,20,23.1,0,0,0,2
9,958,4,java,0.57,1,1,1,Low,0.75,0.69,4,4.6,0,0,0,0
20,959,11,java,0.65,6,13,10,Low,0.6,0.73,52,81.5,0,2,0,10
13,960,11,testing,0.36,6,13,10,Low,0.93,0.62,52,79.3,0,1,0,10
9,961,5,spring,0.63,1,13,10,Critical,0.65,0.68,39,42.0,1,3,1,13
25,962,7,devops,0.51,5,13,10,High,0.55,0.69,26,31.3,0,1,0,0
3,963,5,testing,0.47,1,1,3,Critical,0.45,0.52,3,4.1,1,1,1,1
2,964,5,testing,0.47,1,3,3,Critical,0.51,0.65,6,9.3,0,0,0,1
7,965,10,spring,0.34,2,2,4,Low,0.55,0.5,4,5.9,0,1,0,0
7,966,10,devops,0.4,2,1,3,High,0.74,0.54,2,2.2,0,1,0,0
3,967,2,sql,0.28,2,13,10,Critical,0.42,0.53,26,38.2,0,5,2,5
5,968,11,devops,0.47,6,1,1,Critical,0.8,0.76,3,2.7,1,0,0,1
5,969,12,react,0.3,8,5,4,Critical,0.81,0.61,15,17.8,0,2,1,1
13,970,14,devops,0.39,6,1,1,Low,1.0,0.66,3,3.9,0,0,0,0
4,971,10,sql,0.5,2,3,4,High,0.59,0.61,9,10.8,1,1,0,3
2,972,11,devops,0.47,6,1,2,High,0.83,0.66,2,1.9,1,1,0,1
15,973,13,testing,0.36,2,3,3,Medium,0.87,0.49,12,15.6,0,1,0,2
13,974,11,python,0.58,6,3,5,Low,0.47,0.77,12,18.5,0,1,1,0
12,975,8,java,0.34,7,13,10,Medium,0.69,0.67,26,36.1,0,2,0,12
7,976,1,devops,0.56,5,8,8,Critical,0.32,0.8,24,25.1,1,3,1,8
3,977,13,sql,0.52,2,13,10,Critical,0.86,0.55,52,47.3,1,1,1,13
15,978,1,java,0.67,5,3,2,High,0.73,0.74,12,9.7,1,0,0,3
2,979,7,java,0.33,5,2,4,Medium,0.73,0.61,8,13.2,0,0,0,1
3,980,1,devops,0.56,5,2,4,Low,0.76,0.53,6,6.7,1,1,1,2
20,981,1,python,0.33,5,13,10,Low,0.72,0.63,26,40.5,0,2,1,2
2,982,15,react,0.14,1,1,3,Medium,0.59,0.35,4,5.4,0,0,0,0
4,983,2,spring,0.28,2,8,8,Low,0.67,0.51,16,17.3,0,4,2,1
11,984,13,testing,0.36,2,13,10,High,0.32,0.57,26,30.0,0,1,1,2
19,985,9,python,0.55,4,3,3,Low,0.64,0.72,12,17.8,0,1,1,2
11,986,2,java,0.47,2,3,3,Critical,0.56,0.64,6,5.0,1,1,0,3
23,987,6,sql,0.63,7,2,4,Medium,0.95,0.81,8,10.8,0,0,0,1
5,988,2,testing,0.31,2,13,10,Medium,0.46,0.58,26,28.9,0,3,0,5
3,989,1,java,0.67,5,2,1,High,0.26,0.83,6,6.2,1,0,0,2
23,990,13,testing,0.36,2,5,5,Medium,0.73,0.53,10,10.1,0,1,0,2
17,991,8,spring,0.25,7,2,2,Low,0.71,0.68,8,10.9,0,0,0,1
23,992,8,sql,0.44,7,1,2,High,0.81,0.69,3,2.7,1,1,0,1
1,993,9,python,0.55,4,2,1,Low,0.56,0.67,8,8.9,1,0,0,2
12,994,14,testing,0.64,6,8,8,Critical,0.47,0.8,32,48.5,0,2,1,4
9,995,1,python,0.33,5,1,1,Critical,0.63,0.69,3,4.0,0,0,0,0
6,996,11,java,0.65,6,1,2,High,0.39,0.81,2,2.0,1,0,0,1
14,997,5,react,0.26,1,8,10,Low,0.59,0.53,16,19.8,0,3,1,7
18,998,3,python,0.27,2,1,3,Low,0.52,0.49,2,2.3,1,1,0,1
8,999,12,spring,0.32,8,8,9,Critical,0.61,0.74,16,17.5,0,0,0,2
8,1000,13,java,0.48,2,3,3,Low,0.89,0.62,6,7.4,0,1,0,0
